amount,income,dependents,interest_rate,term_months,repayment_type,overdue_ratio,partial_ratio,default
206544.67,14334.64,2,3.17,60,MENSUALITE_CONSTANTE,0.0,0.0,0
72135.1,10286.99,4,6.04,24,MENSUALITE_CONSTANTE,0.0,0.0,0
138943.4,4642.41,5,7.78,120,IN_FINE,0.083,0.08,1
137329.14,7581.74,1,3.0,48,AMORTISSEMENT_CONSTANT,0.0,0.0,0
214945.94,10724.06,3,4.73,60,MENSUALITE_CONSTANTE,0.0,0.08,0
7437.79,4307.21,3,5.15,84,MENSUALITE_CONSTANTE,0.0,0.17,0
149145.27,5908.3,5,7.03,120,AMORTISSEMENT_CONSTANT,0.0,0.17,1
43960.99,5225.99,4,5.91,120,AMORTISSEMENT_CONSTANT,0.0,0.0,0
47159.06,4184.37,2,4.59,36,MENSUALITE_CONSTANTE,0.0,0.08,0
192564.27,5967.12,6,8.9,120,AMORTISSEMENT_CONSTANT,0.0,0.0,1
51476.37,14618.11,2,3.44,12,MENSUALITE_CONSTANTE,0.0,0.0,0
319822.67,7431.04,2,10.27,120,MENSUALITE_CONSTANTE,0.167,0.0,1
159256.12,8787.85,4,9.25,48,AMORTISSEMENT_CONSTANT,0.333,0.0,1
14608.82,2924.17,3,7.43,48,MENSUALITE_CONSTANTE,0.0,0.0,0
43780.18,13742.18,0,3.0,12,MENSUALITE_CONSTANTE,0.0,0.0,0
25938.93,5137.07,6,10.77,36,AMORTISSEMENT_CONSTANT,0.083,0.17,1
23323.27,4899.06,1,5.62,36,IN_FINE,0.0,0.0,1
57142.31,4734.09,1,7.79,60,IN_FINE,0.0,0.0,0
182063.36,10036.13,5,4.52,84,MENSUALITE_CONSTANTE,0.0,0.0,0
21062.79,1723.94,2,3.0,120,AMORTISSEMENT_CONSTANT,0.0,0.0,0
4487.79,3356.53,3,8.13,12,IN_FINE,0.25,0.0,1
52402.33,4765.01,5,6.21,48,MENSUALITE_CONSTANTE,0.0,0.0,0
41322.75,13060.38,5,6.95,12,AMORTISSEMENT_CONSTANT,0.0,0.0,1
8854.55,1568.33,5,6.8,24,AMORTISSEMENT_CONSTANT,0.0,0.0,0
38092.29,3914.11,6,5.26,36,MENSUALITE_CONSTANTE,0.083,0.0,1
188325.57,14635.64,4,8.42,36,MENSUALITE_CONSTANTE,0.167,0.0,1
35349.83,4135.78,4,5.98,36,MENSUALITE_CONSTANTE,0.0,0.08,0
39459.86,14366.47,4,6.67,12,AMORTISSEMENT_CONSTANT,0.0,0.0,0
28721.07,5124.41,2,5.35,24,MENSUALITE_CONSTANTE,0.0,0.0,0
371301.67,14865.73,1,5.22,120,AMORTISSEMENT_CONSTANT,0.0,0.0,0
43059.7,5463.49,6,8.03,24,MENSUALITE_CONSTANTE,0.25,0.0,1
61575.27,12243.2,3,3.95,36,AMORTISSEMENT_CONSTANT,0.0,0.0,0
176435.33,8825.7,4,5.06,84,MENSUALITE_CONSTANTE,0.0,0.0,0
20824.99,4413.58,4,6.09,120,AMORTISSEMENT_CONSTANT,0.0,0.0,0
47526.15,14674.0,3,4.18,24,AMORTISSEMENT_CONSTANT,0.0,0.0,0
485168.27,14495.75,6,4.6,120,MENSUALITE_CONSTANTE,0.0,0.0,0
171841.13,11147.04,4,10.27,60,MENSUALITE_CONSTANTE,0.083,0.0,1
29003.16,9141.5,2,3.64,60,MENSUALITE_CONSTANTE,0.0,0.0,0
19775.31,3866.96,1,3.0,24,IN_FINE,0.0,0.0,0
74332.34,10073.76,1,4.62,48,AMORTISSEMENT_CONSTANT,0.083,0.0,1
3544.69,2452.68,6,8.29,24,MENSUALITE_CONSTANTE,0.167,0.0,1
104381.04,7686.41,2,5.88,36,AMORTISSEMENT_CONSTANT,0.167,0.0,1
9200.38,2860.5,1,3.53,60,MENSUALITE_CONSTANTE,0.0,0.08,0
73517.88,12495.32,0,5.9,120,MENSUALITE_CONSTANTE,0.083,0.0,0
96360.86,5307.47,1,3.0,60,AMORTISSEMENT_CONSTANT,0.083,0.0,0
472483.23,13088.57,0,4.18,120,IN_FINE,0.167,0.0,1
34454.36,5820.67,2,4.46,36,AMORTISSEMENT_CONSTANT,0.167,0.17,0
72700.67,10029.8,4,8.41,60,MENSUALITE_CONSTANTE,0.083,0.08,0
4336.53,2731.28,1,3.0,24,AMORTISSEMENT_CONSTANT,0.083,0.0,0
21504.33,3430.39,1,3.63,24,MENSUALITE_CONSTANTE,0.083,0.0,0
25419.19,2645.31,2,3.56,60,MENSUALITE_CONSTANTE,0.083,0.0,0
228879.62,13735.78,6,6.96,84,MENSUALITE_CONSTANTE,0.0,0.0,0
87475.58,10264.34,0,3.78,36,MENSUALITE_CONSTANTE,0.0,0.08,0
337689.76,14503.5,3,5.95,60,MENSUALITE_CONSTANTE,0.0,0.0,0
29505.76,8561.82,0,9.31,12,IN_FINE,0.167,0.17,1
13528.89,5293.0,5,4.53,48,MENSUALITE_CONSTANTE,0.0,0.0,0
8571.45,5090.16,4,5.01,12,MENSUALITE_CONSTANTE,0.0,0.0,0
15977.41,5157.93,4,5.75,84,AMORTISSEMENT_CONSTANT,0.0,0.17,0
55258.78,13334.93,2,7.8,60,MENSUALITE_CONSTANTE,0.0,0.17,0
324225.45,11619.31,0,3.0,84,MENSUALITE_CONSTANTE,0.0,0.0,0
7853.61,2517.35,3,6.14,12,MENSUALITE_CONSTANTE,0.0,0.0,0
47862.48,6600.98,4,4.3,84,AMORTISSEMENT_CONSTANT,0.0,0.08,0
69746.93,2133.1,6,10.1,120,AMORTISSEMENT_CONSTANT,0.167,0.08,1
54503.11,9072.66,5,7.79,36,MENSUALITE_CONSTANTE,0.0,0.0,1
10837.05,1696.35,5,4.13,24,MENSUALITE_CONSTANTE,0.333,0.0,1
253616.96,12079.32,3,3.0,84,MENSUALITE_CONSTANTE,0.0,0.17,0
22814.25,5938.15,2,5.73,36,MENSUALITE_CONSTANTE,0.0,0.0,0
46836.2,7898.48,4,8.23,24,IN_FINE,0.083,0.0,1
17153.07,8907.66,4,3.56,12,MENSUALITE_CONSTANTE,0.0,0.0,0
154123.31,8407.37,2,5.36,120,AMORTISSEMENT_CONSTANT,0.25,0.0,1
120942.86,4687.57,3,5.99,120,IN_FINE,0.0,0.0,0
21776.87,12899.95,2,4.28,120,AMORTISSEMENT_CONSTANT,0.0,0.0,0
16461.44,3960.83,6,7.15,12,AMORTISSEMENT_CONSTANT,0.0,0.0,0
74003.95,6293.91,0,7.13,60,MENSUALITE_CONSTANTE,0.0,0.0,0
200212.84,6613.43,4,3.17,84,MENSUALITE_CONSTANTE,0.083,0.0,1
21566.55,1601.71,4,9.38,84,IN_FINE,0.0,0.08,0
6326.44,12871.24,2,5.35,36,MENSUALITE_CONSTANTE,0.167,0.0,0
96579.49,8125.11,5,8.07,36,IN_FINE,0.083,0.08,1
44253.65,14567.92,3,5.93,36,MENSUALITE_CONSTANTE,0.0,0.08,0
53335.1,8332.4,6,3.54,48,MENSUALITE_CONSTANTE,0.0,0.0,1
22884.52,4223.36,1,6.71,48,MENSUALITE_CONSTANTE,0.0,0.0,0
124298.11,6209.72,0,4.34,60,MENSUALITE_CONSTANTE,0.0,0.0,0
106605.5,9255.39,4,5.02,36,AMORTISSEMENT_CONSTANT,0.0,0.08,0
36416.64,8561.38,3,7.9,12,AMORTISSEMENT_CONSTANT,0.083,0.0,1
135865.41,5568.6,6,7.65,120,MENSUALITE_CONSTANTE,0.083,0.0,1
313665.6,9927.21,2,3.04,84,IN_FINE,0.0,0.08,1
99449.25,8701.72,6,6.08,36,AMORTISSEMENT_CONSTANT,0.0,0.0,0
193823.01,9193.51,1,6.58,60,MENSUALITE_CONSTANTE,0.0,0.08,0
81654.26,6863.38,4,8.83,60,MENSUALITE_CONSTANTE,0.0,0.0,0
222136.43,11168.42,2,4.78,60,MENSUALITE_CONSTANTE,0.0,0.0,0
35308.89,9801.83,1,3.96,60,MENSUALITE_CONSTANTE,0.0,0.0,0
236866.26,13903.13,4,6.5,60,MENSUALITE_CONSTANTE,0.167,0.0,1
93276.5,14113.95,5,11.58,36,AMORTISSEMENT_CONSTANT,0.083,0.0,1
41502.41,12338.52,4,7.7,24,MENSUALITE_CONSTANTE,0.167,0.0,0
8320.18,11456.27,0,3.62,36,MENSUALITE_CONSTANTE,0.0,0.0,0
78180.21,5704.89,4,4.66,120,MENSUALITE_CONSTANTE,0.0,0.17,0
94097.52,9023.62,5,5.34,48,MENSUALITE_CONSTANTE,0.0,0.0,0
81216.5,12297.06,5,6.43,84,MENSUALITE_CONSTANTE,0.0,0.0,0
114518.18,7619.4,1,6.99,84,AMORTISSEMENT_CONSTANT,0.0,0.0,0
123270.54,14272.56,1,8.33,24,IN_FINE,0.667,0.0,1
16402.94,13204.42,0,5.44,12,AMORTISSEMENT_CONSTANT,0.0,0.0,0
20167.92,3910.35,0,3.52,48,AMORTISSEMENT_CONSTANT,0.0,0.08,0
49646.73,6861.98,4,7.19,84,AMORTISSEMENT_CONSTANT,0.0,0.0,0
16851.82,1858.18,4,7.85,36,MENSUALITE_CONSTANTE,0.25,0.0,1
87450.95,6625.85,6,4.44,120,MENSUALITE_CONSTANTE,0.0,0.0,1
41060.22,14304.12,5,6.42,48,MENSUALITE_CONSTANTE,0.083,0.08,1
6063.49,1803.34,5,3.8,12,MENSUALITE_CONSTANTE,0.0,0.08,1
24656.45,8596.82,4,7.39,24,IN_FINE,0.0,0.0,0
6318.94,12701.51,6,7.51,60,AMORTISSEMENT_CONSTANT,0.0,0.0,0
129155.82,13844.56,1,3.25,60,MENSUALITE_CONSTANTE,0.0,0.0,0
91923.4,9642.55,1,3.0,60,MENSUALITE_CONSTANTE,0.0,0.0,0
38550.76,7926.68,6,3.49,84,MENSUALITE_CONSTANTE,0.0,0.0,0
50520.87,12926.51,2,4.04,60,AMORTISSEMENT_CONSTANT,0.0,0.0,0
15290.33,11016.49,1,5.5,12,MENSUALITE_CONSTANTE,0.0,0.0,0
84432.98,6373.15,3,3.0,36,MENSUALITE_CONSTANTE,0.0,0.08,0
206754.86,12388.58,6,6.09,60,AMORTISSEMENT_CONSTANT,0.083,0.0,1
81680.33,14244.8,6,4.1,24,IN_FINE,0.0,0.0,1
117292.81,3056.31,2,7.71,120,MENSUALITE_CONSTANTE,0.0,0.0,0
77396.29,9069.14,4,3.0,24,MENSUALITE_CONSTANTE,0.0,0.0,1
31841.61,8768.42,5,3.0,12,AMORTISSEMENT_CONSTANT,0.083,0.0,1
134823.23,14869.61,2,6.28,120,MENSUALITE_CONSTANTE,0.0,0.0,0
32596.78,2695.34,5,3.29,60,MENSUALITE_CONSTANTE,0.0,0.0,0
3951.75,8554.01,0,3.0,84,MENSUALITE_CONSTANTE,0.083,0.0,0
10809.98,5243.09,4,5.51,84,MENSUALITE_CONSTANTE,0.0,0.17,0
164961.28,4996.27,3,5.99,84,AMORTISSEMENT_CONSTANT,0.333,0.17,1
38117.04,2377.32,3,6.08,60,AMORTISSEMENT_CONSTANT,0.0,0.0,1
108676.29,4016.92,2,3.0,84,MENSUALITE_CONSTANTE,0.0,0.0,0
25165.39,5013.15,2,9.47,24,MENSUALITE_CONSTANTE,0.0,0.0,0
26445.24,13111.71,2,5.64,12,IN_FINE,0.0,0.08,0
105644.98,5942.19,0,3.0,60,MENSUALITE_CONSTANTE,0.0,0.0,0
20936.54,8690.13,4,7.81,48,MENSUALITE_CONSTANTE,0.0,0.0,0
232111.61,13170.65,0,3.24,84,MENSUALITE_CONSTANTE,0.0,0.0,0
7480.4,4722.32,4,4.14,24,MENSUALITE_CONSTANTE,0.083,0.17,0
105762.03,13367.46,1,4.96,24,MENSUALITE_CONSTANTE,0.0,0.0,0
75066.33,4992.29,1,4.55,60,AMORTISSEMENT_CONSTANT,0.0,0.0,0
132528.43,12027.91,5,7.58,36,MENSUALITE_CONSTANTE,0.083,0.0,1
39024.93,2883.88,3,6.13,48,IN_FINE,0.25,0.0,1
76170.99,6169.42,1,8.54,36,MENSUALITE_CONSTANTE,0.0,0.0,0
495368.88,12590.42,6,6.77,120,MENSUALITE_CONSTANTE,0.5,0.0,1
517158.75,13031.83,6,8.67,120,MENSUALITE_CONSTANTE,0.25,0.0,1
10850.61,13218.73,5,7.36,48,MENSUALITE_CONSTANTE,0.083,0.17,0
13539.91,7471.03,2,6.88,12,AMORTISSEMENT_CONSTANT,0.0,0.08,0
126927.46,9097.13,3,6.04,36,AMORTISSEMENT_CONSTANT,0.25,0.08,1
39692.36,11773.82,2,7.5,60,AMORTISSEMENT_CONSTANT,0.0,0.0,0
12750.44,10755.13,3,4.02,12,MENSUALITE_CONSTANTE,0.0,0.0,0
3282.51,5689.89,4,5.65,12,AMORTISSEMENT_CONSTANT,0.0,0.0,0
163601.97,10882.26,0,3.95,48,MENSUALITE_CONSTANTE,0.0,0.0,0
26566.72,3423.69,5,9.87,84,IN_FINE,0.5,0.0,1
20004.55,8712.27,0,3.06,60,MENSUALITE_CONSTANTE,0.0,0.17,0
7169.33,10858.12,6,7.7,24,MENSUALITE_CONSTANTE,0.0,0.08,0
34309.26,9824.16,6,7.79,12,MENSUALITE_CONSTANTE,0.25,0.0,1
30821.92,2581.55,3,5.3,48,AMORTISSEMENT_CONSTANT,0.0,0.0,1
353305.42,11285.16,3,10.24,120,MENSUALITE_CONSTANTE,0.083,0.0,0
30679.2,13269.74,4,3.38,120,AMORTISSEMENT_CONSTANT,0.0,0.0,0
71473.92,6944.03,4,6.96,60,MENSUALITE_CONSTANTE,0.0,0.17,0
183268.76,12924.31,4,6.06,48,MENSUALITE_CONSTANTE,0.167,0.0,1
32188.97,1896.83,1,4.15,48,MENSUALITE_CONSTANTE,0.0,0.0,0
27442.53,4343.94,4,5.75,24,IN_FINE,0.25,0.17,1
10634.62,4706.83,5,6.45,24,MENSUALITE_CONSTANTE,0.0,0.08,0
97421.88,8450.03,0,3.28,48,MENSUALITE_CONSTANTE,0.167,0.0,0
109766.89,5890.07,3,3.0,48,AMORTISSEMENT_CONSTANT,0.0,0.0,0
14219.37,6049.54,5,7.8,12,MENSUALITE_CONSTANTE,0.0,0.0,0
64576.56,1995.06,4,8.43,120,MENSUALITE_CONSTANTE,0.25,0.0,1
24351.77,4278.86,4,7.1,48,IN_FINE,0.5,0.0,1
70765.34,3148.48,5,6.66,60,MENSUALITE_CONSTANTE,0.0,0.0,0
464797.99,14529.1,2,7.83,84,IN_FINE,0.083,0.0,1
18020.61,10502.67,3,7.72,120,MENSUALITE_CONSTANTE,0.0,0.0,0
81127.04,2767.66,4,8.09,84,IN_FINE,0.25,0.17,1
68892.41,8211.86,0,3.1,24,AMORTISSEMENT_CONSTANT,0.167,0.0,1
71617.2,4411.61,5,3.0,60,AMORTISSEMENT_CONSTANT,0.0,0.0,1
248454.77,13196.92,0,7.23,60,MENSUALITE_CONSTANTE,0.083,0.0,0
77643.04,10512.51,5,5.9,24,MENSUALITE_CONSTANTE,0.25,0.0,1
4675.89,1577.74,6,10.19,12,MENSUALITE_CONSTANTE,0.083,0.0,1
18862.07,6538.9,3,8.78,84,MENSUALITE_CONSTANTE,0.0,0.0,0
404357.28,13155.0,1,4.68,84,MENSUALITE_CONSTANTE,0.0,0.0,0
62102.47,8917.09,5,9.14,24,MENSUALITE_CONSTANTE,0.083,0.08,1
80605.86,14387.91,3,5.31,36,MENSUALITE_CONSTANTE,0.0,0.0,0
114820.13,8561.64,5,11.41,36,AMORTISSEMENT_CONSTANT,0.0,0.0,1
38263.18,14685.79,1,3.42,12,MENSUALITE_CONSTANTE,0.0,0.08,0
25950.56,13889.66,3,4.58,48,MENSUALITE_CONSTANTE,0.0,0.0,0
202897.91,10112.8,4,7.16,84,MENSUALITE_CONSTANTE,0.0,0.0,1
31423.85,11894.25,0,7.14,24,IN_FINE,0.083,0.0,0
25841.86,11849.86,1,3.61,12,AMORTISSEMENT_CONSTANT,0.083,0.0,0
45511.04,3909.02,4,7.12,120,MENSUALITE_CONSTANTE,0.0,0.0,0
114827.77,3413.95,2,3.0,120,MENSUALITE_CONSTANTE,0.0,0.0,0
45793.79,3233.32,2,3.0,48,IN_FINE,0.0,0.0,1
22204.69,4090.21,0,3.0,36,IN_FINE,0.083,0.0,1
67181.2,10142.27,5,6.01,24,MENSUALITE_CONSTANTE,0.0,0.0,0
29083.75,6399.75,2,6.74,24,MENSUALITE_CONSTANTE,0.0,0.17,0
13559.68,11690.31,6,10.17,24,AMORTISSEMENT_CONSTANT,0.0,0.0,0
270466.28,14016.9,4,6.15,120,AMORTISSEMENT_CONSTANT,0.083,0.0,1
9069.81,2703.18,6,4.52,12,AMORTISSEMENT_CONSTANT,0.0,0.0,0
52767.32,6112.61,0,4.12,60,MENSUALITE_CONSTANTE,0.083,0.0,0
151116.03,13290.04,5,10.88,36,IN_FINE,0.083,0.0,1
86292.72,8786.39,4,9.55,36,MENSUALITE_CONSTANTE,0.0,0.0,0
11181.63,5854.13,2,6.42,24,AMORTISSEMENT_CONSTANT,0.0,0.0,0
292644.34,9686.01,0,3.0,84,MENSUALITE_CONSTANTE,0.167,0.08,1
16756.18,3143.79,4,5.78,24,AMORTISSEMENT_CONSTANT,0.083,0.0,0
39875.5,14142.06,3,5.6,24,MENSUALITE_CONSTANTE,0.0,0.0,0
20569.23,4089.06,0,5.29,24,MENSUALITE_CONSTANTE,0.0,0.0,0
24563.28,2507.5,3,6.6,84,MENSUALITE_CONSTANTE,0.0,0.0,0
17960.4,4640.71,3,7.4,48,MENSUALITE_CONSTANTE,0.0,0.08,0
261990.28,10330.02,2,3.0,120,MENSUALITE_CONSTANTE,0.0,0.17,0
88430.27,3306.35,4,9.5,84,MENSUALITE_CONSTANTE,0.0,0.0,1
63315.95,12763.1,4,3.22,60,MENSUALITE_CONSTANTE,0.0,0.0,0
58755.4,3514.71,5,7.96,48,MENSUALITE_CONSTANTE,0.25,0.0,1
24321.25,6797.32,1,6.08,60,IN_FINE,0.167,0.08,0
15047.11,5271.46,1,5.68,24,MENSUALITE_CONSTANTE,0.0,0.0,0
41135.6,4564.02,0,3.94,48,MENSUALITE_CONSTANTE,0.0,0.0,0
4776.51,10396.98,2,3.0,36,AMORTISSEMENT_CONSTANT,0.0,0.08,0
6483.34,4000.14,2,7.37,24,AMORTISSEMENT_CONSTANT,0.0,0.0,0
68310.7,14566.11,6,5.28,12,MENSUALITE_CONSTANTE,0.0,0.17,0
43480.99,13593.5,1,3.0,60,MENSUALITE_CONSTANTE,0.0,0.17,0
9055.09,9822.75,1,4.96,36,MENSUALITE_CONSTANTE,0.0,0.0,0
64245.17,6746.81,1,4.92,84,MENSUALITE_CONSTANTE,0.0,0.0,0
446241.79,10564.64,5,8.1,120,IN_FINE,0.167,0.0,1
103018.41,11600.59,5,7.21,120,IN_FINE,0.25,0.0,1
187245.72,11327.29,1,3.0,60,MENSUALITE_CONSTANTE,0.0,0.0,0
61340.13,11536.22,2,7.0,120,AMORTISSEMENT_CONSTANT,0.0,0.0,0
263916.23,12458.65,3,3.79,60,MENSUALITE_CONSTANTE,0.083,0.0,0
341263.58,11521.7,5,4.53,120,MENSUALITE_CONSTANTE,0.0,0.0,1
3646.78,12839.51,3,7.15,12,AMORTISSEMENT_CONSTANT,0.0,0.08,0
26119.91,7849.31,2,8.13,60,AMORTISSEMENT_CONSTANT,0.083,0.0,0
4604.79,10451.07,5,3.45,120,MENSUALITE_CONSTANTE,0.083,0.0,1
10270.16,7993.13,5,9.58,36,MENSUALITE_CONSTANTE,0.0,0.0,1
196435.43,12367.35,6,5.36,48,AMORTISSEMENT_CONSTANT,0.0,0.0,1
111228.67,11053.69,6,4.72,48,AMORTISSEMENT_CONSTANT,0.0,0.0,0
64047.25,4478.26,2,3.0,48,MENSUALITE_CONSTANTE,0.0,0.08,1
53684.12,7033.72,5,10.27,48,MENSUALITE_CONSTANTE,0.0,0.0,1
52305.35,1853.66,0,4.28,84,MENSUALITE_CONSTANTE,0.0,0.17,0
147988.38,7300.37,2,6.03,60,MENSUALITE_CONSTANTE,0.0,0.0,0
63185.88,2588.12,6,10.32,120,MENSUALITE_CONSTANTE,0.25,0.0,1
42997.91,3327.28,6,6.8,48,AMORTISSEMENT_CONSTANT,0.0,0.0,0
106757.65,4868.87,5,6.45,120,IN_FINE,0.0,0.17,0
45411.52,8687.68,0,4.49,36,MENSUALITE_CONSTANTE,0.0,0.17,0
18495.95,7153.71,5,4.82,12,MENSUALITE_CONSTANTE,0.0,0.0,0
4473.81,14559.31,4,5.79,12,IN_FINE,0.0,0.0,1
58940.83,14736.98,4,8.88,24,MENSUALITE_CONSTANTE,0.0,0.0,0
46331.22,12933.4,1,3.0,60,MENSUALITE_CONSTANTE,0.0,0.08,0
287201.09,11615.33,3,5.13,120,MENSUALITE_CONSTANTE,0.0,0.08,0
17832.36,4991.38,3,5.75,24,MENSUALITE_CONSTANTE,0.0,0.08,0
145170.81,13252.81,2,7.77,60,IN_FINE,0.167,0.0,1
58647.1,10366.53,0,4.23,36,MENSUALITE_CONSTANTE,0.0,0.08,0
20945.75,10066.86,6,7.14,12,MENSUALITE_CONSTANTE,0.0,0.0,1
125900.92,5776.28,2,4.33,60,AMORTISSEMENT_CONSTANT,0.0,0.08,0
74617.31,3553.41,3,5.55,84,AMORTISSEMENT_CONSTANT,0.167,0.0,1
19257.35,10516.92,4,6.63,24,IN_FINE,0.0,0.0,1
147668.7,8619.89,0,4.39,48,MENSUALITE_CONSTANTE,0.0,0.08,0
55173.86,8800.72,2,7.63,48,AMORTISSEMENT_CONSTANT,0.0,0.0,0
76517.46,12681.36,3,7.18,84,MENSUALITE_CONSTANTE,0.0,0.0,0
45303.6,6197.21,6,9.43,24,MENSUALITE_CONSTANTE,0.083,0.08,1
11541.3,14717.92,2,3.0,12,MENSUALITE_CONSTANTE,0.0,0.0,0
52930.99,13052.45,3,7.24,12,MENSUALITE_CONSTANTE,0.167,0.0,1
8464.76,4370.7,2,6.03,12,MENSUALITE_CONSTANTE,0.083,0.08,0
137149.71,10477.3,1,5.85,36,AMORTISSEMENT_CONSTANT,0.0,0.0,1
80050.6,13171.61,5,6.3,36,MENSUALITE_CONSTANTE,0.0,0.0,1
22523.85,14544.29,5,6.89,12,MENSUALITE_CONSTANTE,0.083,0.0,1
180617.46,11310.06,2,7.32,48,IN_FINE,0.0,0.0,0
3129.69,2803.22,5,3.0,12,MENSUALITE_CONSTANTE,0.0,0.0,0
150241.19,11533.11,3,6.36,36,MENSUALITE_CONSTANTE,0.167,0.08,1
69125.13,2566.08,4,6.17,84,MENSUALITE_CONSTANTE,0.833,0.0,1
38447.18,8539.52,4,10.44,48,IN_FINE,0.167,0.0,1
40471.54,2373.27,0,3.0,60,IN_FINE,0.083,0.0,0
217199.0,14299.46,5,9.3,48,MENSUALITE_CONSTANTE,0.0,0.0,1
40262.3,14605.34,3,6.21,24,AMORTISSEMENT_CONSTANT,0.0,0.0,0
19042.41,1539.43,4,6.61,48,IN_FINE,0.083,0.0,1
65474.53,9904.02,5,11.47,36,MENSUALITE_CONSTANTE,0.167,0.08,1
71889.56,12749.78,3,3.0,48,MENSUALITE_CONSTANTE,0.0,0.0,0
16700.65,5250.6,4,5.36,12,MENSUALITE_CONSTANTE,0.0,0.08,0
23396.47,10980.49,2,3.58,36,MENSUALITE_CONSTANTE,0.0,0.0,0
84781.62,11139.44,3,5.53,60,IN_FINE,0.0,0.0,0
81212.59,10768.96,1,3.0,48,AMORTISSEMENT_CONSTANT,0.0,0.0,0
14495.97,2458.6,1,4.84,36,AMORTISSEMENT_CONSTANT,0.0,0.0,0
21785.86,1636.77,1,6.41,36,MENSUALITE_CONSTANTE,0.25,0.0,1
3234.26,2396.99,5,4.11,24,IN_FINE,0.083,0.0,0
54031.09,3160.54,0,5.71,120,MENSUALITE_CONSTANTE,0.083,0.0,0
17644.31,10585.05,6,6.47,12,MENSUALITE_CONSTANTE,0.083,0.08,1
214402.21,13874.58,6,4.33,120,IN_FINE,0.167,0.0,1
102673.36,6556.46,3,5.19,60,AMORTISSEMENT_CONSTANT,0.0,0.0,0
135567.39,6709.31,2,7.44,84,MENSUALITE_CONSTANTE,0.0,0.0,0
22929.65,3759.36,1,4.56,60,MENSUALITE_CONSTANTE,0.0,0.0,0
54945.27,13996.1,2,3.32,24,MENSUALITE_CONSTANTE,0.0,0.0,0
75527.07,6500.36,3,5.75,60,AMORTISSEMENT_CONSTANT,0.0,0.0,0
82710.85,3546.39,0,9.27,60,AMORTISSEMENT_CONSTANT,0.0,0.0,0
31882.98,6308.51,1,4.16,60,AMORTISSEMENT_CONSTANT,0.0,0.17,0
43928.77,6188.24,3,9.65,120,MENSUALITE_CONSTANTE,0.0,0.0,0
51537.49,13384.25,5,10.94,12,IN_FINE,0.0,0.08,1
180261.51,13743.73,6,7.53,36,AMORTISSEMENT_CONSTANT,0.333,0.0,1
30145.04,3185.08,0,4.04,48,AMORTISSEMENT_CONSTANT,0.0,0.08,0
99438.06,5583.04,3,3.0,84,MENSUALITE_CONSTANTE,0.0,0.17,1
174714.95,11297.17,4,10.22,84,MENSUALITE_CONSTANTE,0.0,0.08,0
159224.84,14947.66,3,6.69,60,MENSUALITE_CONSTANTE,0.0,0.17,0
193575.08,7937.39,4,4.45,84,MENSUALITE_CONSTANTE,0.0,0.0,0
20663.84,5263.26,5,8.92,12,AMORTISSEMENT_CONSTANT,0.0,0.0,0
535077.13,12596.01,0,3.76,120,IN_FINE,0.083,0.0,1
112966.84,10779.99,6,11.22,84,MENSUALITE_CONSTANTE,0.167,0.0,1
4881.74,2862.71,5,9.41,24,MENSUALITE_CONSTANTE,0.0,0.0,0
79701.21,6938.79,6,8.75,120,MENSUALITE_CONSTANTE,0.167,0.0,1
65684.44,5840.19,4,7.16,120,IN_FINE,0.167,0.0,1
77784.74,3159.43,0,8.37,120,AMORTISSEMENT_CONSTANT,0.0,0.0,0
132253.29,4766.08,3,5.97,84,AMORTISSEMENT_CONSTANT,0.0,0.0,1
72611.13,5164.03,6,7.67,120,AMORTISSEMENT_CONSTANT,0.0,0.0,0
4548.16,1501.82,1,6.41,60,MENSUALITE_CONSTANTE,0.0,0.08,0
108163.22,4832.12,0,3.66,60,MENSUALITE_CONSTANTE,0.0,0.08,0
141091.33,13747.2,2,6.21,60,MENSUALITE_CONSTANTE,0.0,0.0,0
111371.05,9122.49,3,3.82,36,MENSUALITE_CONSTANTE,0.0,0.08,0
18038.59,5258.93,2,9.48,12,MENSUALITE_CONSTANTE,0.333,0.0,1
45779.97,6699.12,0,3.0,36,MENSUALITE_CONSTANTE,0.0,0.0,0
116740.8,7122.81,4,7.24,48,AMORTISSEMENT_CONSTANT,0.083,0.08,0
77596.54,10650.48,4,6.75,60,MENSUALITE_CONSTANTE,0.0,0.0,0
134259.29,6834.27,5,8.5,84,AMORTISSEMENT_CONSTANT,0.25,0.0,1
236166.53,10788.6,4,7.01,60,MENSUALITE_CONSTANTE,0.5,0.0,1
50030.06,11438.71,5,8.33,12,MENSUALITE_CONSTANTE,0.333,0.0,1
62701.7,11791.17,6,6.12,48,MENSUALITE_CONSTANTE,0.083,0.0,0
14082.89,6664.83,0,3.0,24,MENSUALITE_CONSTANTE,0.0,0.0,0
98060.39,10165.11,3,7.56,36,MENSUALITE_CONSTANTE,0.0,0.0,0
52102.57,9682.98,4,6.6,84,AMORTISSEMENT_CONSTANT,0.167,0.0,1
14143.04,2306.17,3,9.75,24,MENSUALITE_CONSTANTE,0.167,0.0,1
51916.35,4267.25,1,3.0,48,AMORTISSEMENT_CONSTANT,0.25,0.0,1
43864.31,3712.39,2,5.7,36,IN_FINE,0.25,0.0,1
48517.82,10815.0,1,3.0,12,MENSUALITE_CONSTANTE,0.0,0.0,0
77783.41,11774.69,4,5.62,24,MENSUALITE_CONSTANTE,0.083,0.0,0
20029.04,7343.02,5,3.65,36,MENSUALITE_CONSTANTE,0.0,0.08,0
144062.16,12207.43,2,3.0,120,IN_FINE,0.0,0.0,0
65677.52,9901.63,1,5.35,84,MENSUALITE_CONSTANTE,0.083,0.0,0
242100.02,11197.47,6,5.09,84,MENSUALITE_CONSTANTE,0.167,0.08,1
13331.4,1663.39,1,3.0,48,MENSUALITE_CONSTANTE,0.0,0.08,0
4083.53,2787.89,4,10.2,36,AMORTISSEMENT_CONSTANT,0.0,0.0,0
5864.69,13913.67,2,3.7,12,MENSUALITE_CONSTANTE,0.0,0.08,0
51082.92,14337.54,2,4.63,24,IN_FINE,0.0,0.0,0
42076.31,4745.39,1,4.53,24,AMORTISSEMENT_CONSTANT,0.0,0.0,0
23188.81,3865.49,1,7.87,60,MENSUALITE_CONSTANTE,0.0,0.0,0
107704.15,12835.41,4,8.84,48,MENSUALITE_CONSTANTE,0.083,0.08,0
37646.71,4260.22,0,4.18,36,MENSUALITE_CONSTANTE,0.0,0.0,0
93289.65,7710.03,6,10.47,36,IN_FINE,0.667,0.0,1
10559.92,3546.53,0,3.0,12,AMORTISSEMENT_CONSTANT,0.0,0.0,0
16482.34,1500.16,0,3.0,48,AMORTISSEMENT_CONSTANT,0.0,0.0,0
51188.6,11346.15,3,7.93,48,MENSUALITE_CONSTANTE,0.083,0.0,0
25213.82,5891.48,0,3.28,36,MENSUALITE_CONSTANTE,0.333,0.0,1
44895.06,11793.52,5,3.92,60,MENSUALITE_CONSTANTE,0.083,0.0,0
77922.36,8487.55,0,3.0,36,MENSUALITE_CONSTANTE,0.167,0.0,0
31689.54,9061.24,0,3.0,12,MENSUALITE_CONSTANTE,0.0,0.0,0
128934.23,3147.41,1,4.09,120,AMORTISSEMENT_CONSTANT,0.0,0.0,0
20582.05,10479.47,4,7.47,36,MENSUALITE_CONSTANTE,0.0,0.0,0
60985.38,8013.76,3,5.38,48,MENSUALITE_CONSTANTE,0.0,0.0,0
56624.77,8876.81,0,3.64,36,AMORTISSEMENT_CONSTANT,0.0,0.17,0
179312.32,14358.31,2,4.04,36,AMORTISSEMENT_CONSTANT,0.0,0.08,0
258432.71,12255.2,6,9.42,84,AMORTISSEMENT_CONSTANT,0.333,0.0,1
14285.51,2199.78,0,3.0,48,AMORTISSEMENT_CONSTANT,0.0,0.0,0
37603.36,6961.12,5,6.01,36,AMORTISSEMENT_CONSTANT,0.0,0.0,0
125899.08,6649.45,0,3.0,60,MENSUALITE_CONSTANTE,0.083,0.08,0
310059.37,14869.88,1,3.0,120,AMORTISSEMENT_CONSTANT,0.25,0.0,1
94757.39,11461.45,1,3.0,48,MENSUALITE_CONSTANTE,0.0,0.0,0
34869.15,5125.21,3,6.07,24,MENSUALITE_CONSTANTE,0.0,0.17,0
65910.79,7310.06,3,5.73,48,MENSUALITE_CONSTANTE,0.0,0.0,0
30369.59,9109.41,0,5.56,12,MENSUALITE_CONSTANTE,0.0,0.0,1
19268.78,3080.39,0,3.0,24,MENSUALITE_CONSTANTE,0.0,0.0,0
255278.05,14139.61,0,5.44,48,MENSUALITE_CONSTANTE,0.0,0.0,0
75487.3,10477.43,1,5.96,24,MENSUALITE_CONSTANTE,0.0,0.08,0
28057.19,12532.91,2,9.93,12,IN_FINE,0.25,0.0,1
6270.36,12547.99,6,5.43,48,AMORTISSEMENT_CONSTANT,0.0,0.0,0
158065.71,7695.7,2,3.84,84,MENSUALITE_CONSTANTE,0.167,0.08,1
330800.63,12610.28,2,5.96,120,AMORTISSEMENT_CONSTANT,0.0,0.0,0
10951.86,2424.19,1,6.65,12,MENSUALITE_CONSTANTE,0.0,0.0,1
105396.39,10497.25,2,6.66,60,IN_FINE,0.25,0.0,1
29516.02,3449.23,6,10.0,48,MENSUALITE_CONSTANTE,0.167,0.0,1
9576.77,7003.04,2,3.64,84,MENSUALITE_CONSTANTE,0.0,0.0,0
26430.44,13974.36,4,7.09,60,MENSUALITE_CONSTANTE,0.083,0.08,0
6518.16,2990.83,4,6.2,12,AMORTISSEMENT_CONSTANT,0.0,0.0,0
95785.67,12685.5,0,3.0,60,MENSUALITE_CONSTANTE,0.0,0.17,0
54975.29,2884.67,0,3.0,84,IN_FINE,0.083,0.0,0
194906.69,13093.32,2,3.0,84,AMORTISSEMENT_CONSTANT,0.0,0.0,0
20749.87,4599.58,6,7.22,60,AMORTISSEMENT_CONSTANT,0.0,0.0,1
15275.25,3737.6,1,3.0,36,MENSUALITE_CONSTANTE,0.0,0.0,0
92150.92,4812.26,6,5.53,120,AMORTISSEMENT_CONSTANT,0.167,0.0,1
19844.99,7112.96,5,8.67,12,MENSUALITE_CONSTANTE,0.0,0.0,1
170765.8,13252.11,1,5.0,60,MENSUALITE_CONSTANTE,0.0,0.0,0
103798.72,10842.99,6,6.74,60,MENSUALITE_CONSTANTE,0.0,0.0,0
84909.62,12202.23,0,8.06,36,MENSUALITE_CONSTANTE,0.0,0.0,0
222635.75,11266.49,0,3.89,60,MENSUALITE_CONSTANTE,0.0,0.08,0
17197.79,3976.47,1,3.0,12,MENSUALITE_CONSTANTE,0.0,0.08,0
57398.01,4246.88,5,8.49,84,IN_FINE,0.0,0.0,1
97372.41,6568.83,4,3.84,84,MENSUALITE_CONSTANTE,0.0,0.0,0
90880.31,6489.25,2,7.58,48,MENSUALITE_CONSTANTE,0.0,0.0,0
310819.85,8033.86,3,6.04,120,AMORTISSEMENT_CONSTANT,0.0,0.08,1
325884.76,12056.46,4,3.71,84,MENSUALITE_CONSTANTE,0.0,0.0,0
162457.11,3793.39,0,4.71,120,AMORTISSEMENT_CONSTANT,0.083,0.0,0
206046.59,13503.23,4,5.82,60,AMORTISSEMENT_CONSTANT,0.0,0.0,0
71583.32,5736.66,4,6.8,36,MENSUALITE_CONSTANTE,0.25,0.0,1
15946.8,3304.28,2,4.84,24,MENSUALITE_CONSTANTE,0.0,0.0,0
30856.1,11601.14,4,5.71,12,AMORTISSEMENT_CONSTANT,0.0,0.0,1
93311.36,2352.39,4,6.7,120,AMORTISSEMENT_CONSTANT,0.25,0.08,1
24232.58,3533.21,0,4.7,60,AMORTISSEMENT_CONSTANT,0.0,0.0,0
589391.87,13621.91,2,4.06,120,MENSUALITE_CONSTANTE,0.0,0.0,0
269833.21,14985.05,2,5.74,60,MENSUALITE_CONSTANTE,0.333,0.0,1
5209.75,7051.09,0,6.43,36,MENSUALITE_CONSTANTE,0.0,0.0,0
170659.22,4632.25,5,9.17,120,AMORTISSEMENT_CONSTANT,0.0,0.08,1
89719.31,9105.84,4,4.67,60,AMORTISSEMENT_CONSTANT,0.0,0.0,0
38127.22,3368.88,0,3.37,48,AMORTISSEMENT_CONSTANT,0.0,0.0,0
75856.51,7835.35,4,5.76,48,AMORTISSEMENT_CONSTANT,0.167,0.0,1
528677.0,12743.23,2,4.96,120,IN_FINE,0.167,0.17,1
259763.58,8988.28,0,5.13,120,MENSUALITE_CONSTANTE,0.0,0.0,0
29019.54,3791.33,3,8.61,24,AMORTISSEMENT_CONSTANT,0.25,0.08,1
259109.48,8735.12,1,7.87,84,IN_FINE,0.167,0.0,1
66554.14,2781.26,2,5.41,84,AMORTISSEMENT_CONSTANT,0.0,0.0,0
272295.18,8271.27,2,7.43,120,MENSUALITE_CONSTANTE,0.083,0.0,0
129104.68,4419.06,0,5.16,120,MENSUALITE_CONSTANTE,0.083,0.0,0
24694.64,7377.81,3,4.85,12,MENSUALITE_CONSTANTE,0.0,0.08,0
6831.13,3769.59,2,7.46,48,MENSUALITE_CONSTANTE,0.25,0.0,0
9620.5,1617.53,6,4.97,36,MENSUALITE_CONSTANTE,0.0,0.0,0
45762.61,10598.92,3,5.9,60,MENSUALITE_CONSTANTE,0.0,0.17,0
96904.27,2830.87,6,4.86,120,MENSUALITE_CONSTANTE,0.083,0.08,1
54998.26,5707.81,3,5.34,48,MENSUALITE_CONSTANTE,0.0,0.08,0
175029.63,7151.2,0,7.67,84,MENSUALITE_CONSTANTE,0.083,0.08,0
208132.37,8763.31,6,6.44,60,MENSUALITE_CONSTANTE,0.0,0.0,1
230017.38,8149.68,3,7.4,84,AMORTISSEMENT_CONSTANT,0.083,0.0,1
252196.64,11793.03,5,6.59,60,MENSUALITE_CONSTANTE,0.25,0.0,1
310665.34,6937.47,3,4.74,120,IN_FINE,0.0,0.08,1
128943.36,13032.52,2,5.43,60,MENSUALITE_CONSTANTE,0.0,0.0,0
44595.74,12106.18,2,5.23,24,MENSUALITE_CONSTANTE,0.083,0.08,0
113184.22,10582.32,0,3.28,120,MENSUALITE_CONSTANTE,0.0,0.0,0
176491.89,12200.03,3,6.22,48,IN_FINE,0.083,0.0,0
197007.84,13929.99,4,4.69,120,MENSUALITE_CONSTANTE,0.167,0.0,0
86624.32,11767.77,6,10.77,24,MENSUALITE_CONSTANTE,0.5,0.0,1
179983.7,11059.64,1,3.0,60,MENSUALITE_CONSTANTE,0.0,0.0,0
59975.95,3165.91,3,7.9,84,AMORTISSEMENT_CONSTANT,0.0,0.0,0
66296.88,4705.96,6,7.5,48,MENSUALITE_CONSTANTE,0.0,0.0,0
133935.02,12319.52,5,7.15,36,MENSUALITE_CONSTANTE,0.0,0.0,0
34022.21,14043.45,5,9.57,84,MENSUALITE_CONSTANTE,0.0,0.0,0
133931.95,14480.15,6,10.4,36,MENSUALITE_CONSTANTE,0.0,0.0,1
66503.1,9594.97,3,5.0,48,AMORTISSEMENT_CONSTANT,0.0,0.0,0
165667.94,6182.96,3,4.09,84,MENSUALITE_CONSTANTE,0.0,0.08,0
703835.0,14887.9,0,3.85,120,MENSUALITE_CONSTANTE,0.0,0.0,0
515273.06,11086.79,6,7.17,120,MENSUALITE_CONSTANTE,0.0,0.0,0
151883.7,11640.89,1,5.63,36,AMORTISSEMENT_CONSTANT,0.0,0.0,0
203785.95,10457.57,1,3.96,120,MENSUALITE_CONSTANTE,0.0,0.0,0
42909.06,3992.54,1,4.96,60,MENSUALITE_CONSTANTE,0.0,0.0,0
10040.85,9547.11,5,6.75,12,MENSUALITE_CONSTANTE,0.167,0.0,0
205294.88,10391.93,1,8.32,60,AMORTISSEMENT_CONSTANT,0.083,0.0,1
19581.64,1645.95,6,7.35,36,MENSUALITE_CONSTANTE,0.083,0.0,1
38891.24,4398.39,0,5.85,36,IN_FINE,0.0,0.0,1
108633.76,5500.83,4,5.87,60,MENSUALITE_CONSTANTE,0.083,0.0,1
84841.43,10842.15,6,4.17,84,MENSUALITE_CONSTANTE,0.0,0.0,0
65496.09,12579.4,5,8.81,36,AMORTISSEMENT_CONSTANT,0.0,0.0,0
157902.59,7800.36,5,5.39,60,MENSUALITE_CONSTANTE,0.25,0.08,1
4807.23,7698.17,4,4.93,36,MENSUALITE_CONSTANTE,0.0,0.0,0
126527.32,5709.33,5,4.43,84,IN_FINE,0.333,0.08,1
53351.27,4728.42,6,7.15,36,MENSUALITE_CONSTANTE,0.167,0.0,1
150936.94,14192.47,3,8.69,60,AMORTISSEMENT_CONSTANT,0.0,0.0,0
48638.4,4428.91,5,5.62,48,MENSUALITE_CONSTANTE,0.0,0.0,0
24081.84,5788.88,6,8.79,36,MENSUALITE_CONSTANTE,0.0,0.0,0
146710.82,5773.92,2,8.98,84,MENSUALITE_CONSTANTE,0.0,0.0,0
64498.43,3476.89,4,5.54,84,AMORTISSEMENT_CONSTANT,0.0,0.17,0
21170.31,12896.87,1,3.0,12,MENSUALITE_CONSTANTE,0.0,0.0,0
280783.86,14707.79,3,3.77,120,MENSUALITE_CONSTANTE,0.0,0.08,0
46805.04,6902.87,6,7.64,36,IN_FINE,0.083,0.0,1
49841.89,2386.84,4,7.7,120,MENSUALITE_CONSTANTE,0.25,0.0,1
182613.75,7470.41,1,3.0,84,MENSUALITE_CONSTANTE,0.083,0.0,1
22703.13,6030.91,1,3.0,36,MENSUALITE_CONSTANTE,0.0,0.0,0
86493.68,14013.37,2,3.62,36,MENSUALITE_CONSTANTE,0.0,0.0,0
8246.76,9143.9,5,11.36,24,MENSUALITE_CONSTANTE,0.083,0.0,1
34280.12,4125.04,3,4.56,48,MENSUALITE_CONSTANTE,0.0,0.0,0
5482.77,2713.87,3,3.0,48,MENSUALITE_CONSTANTE,0.0,0.0,0
232233.82,13253.56,4,9.87,60,AMORTISSEMENT_CONSTANT,0.167,0.0,1
59178.34,5501.29,6,5.33,48,MENSUALITE_CONSTANTE,0.083,0.0,1
104618.71,12669.31,5,5.25,60,MENSUALITE_CONSTANTE,0.25,0.0,1
33131.38,5710.81,0,5.72,120,MENSUALITE_CONSTANTE,0.083,0.0,0
37899.6,2925.49,4,4.33,48,MENSUALITE_CONSTANTE,0.0,0.17,0
44875.38,7501.13,6,6.07,120,MENSUALITE_CONSTANTE,0.083,0.0,0
89398.49,14799.86,1,3.0,36,AMORTISSEMENT_CONSTANT,0.0,0.08,0
11364.21,14114.85,2,5.43,12,MENSUALITE_CONSTANTE,0.0,0.0,0
84596.56,8145.14,0,3.0,120,MENSUALITE_CONSTANTE,0.083,0.0,0
179954.6,14718.55,2,7.37,36,MENSUALITE_CONSTANTE,0.0,0.0,0
51268.01,9267.35,5,5.03,48,AMORTISSEMENT_CONSTANT,0.0,0.0,0
36155.04,11585.56,1,5.07,120,AMORTISSEMENT_CONSTANT,0.083,0.0,0
27445.21,6107.8,1,3.66,12,AMORTISSEMENT_CONSTANT,0.0,0.0,0
9400.09,1876.01,3,3.0,24,MENSUALITE_CONSTANTE,0.0,0.0,0
31460.45,2180.63,3,6.52,60,IN_FINE,0.0,0.0,1
20204.96,6102.94,1,6.26,48,AMORTISSEMENT_CONSTANT,0.333,0.0,1
72710.9,12806.67,3,7.18,24,MENSUALITE_CONSTANTE,0.0,0.17,0
9446.85,3224.96,6,8.26,120,MENSUALITE_CONSTANTE,0.083,0.0,0
29216.98,12481.37,0,3.0,12,MENSUALITE_CONSTANTE,0.083,0.0,0
3321.23,5533.57,2,6.17,12,MENSUALITE_CONSTANTE,0.0,0.0,0
175991.69,13574.46,3,8.16,36,AMORTISSEMENT_CONSTANT,0.083,0.0,1
8929.02,4547.32,6,7.94,12,IN_FINE,0.167,0.08,1
149011.52,9366.65,0,3.36,120,IN_FINE,0.0,0.0,0
10741.64,3298.33,2,8.46,48,MENSUALITE_CONSTANTE,0.0,0.08,0
74695.27,8249.45,5,6.58,36,IN_FINE,0.167,0.08,1
5989.73,3194.92,1,9.61,24,MENSUALITE_CONSTANTE,0.0,0.0,0
77767.55,2924.03,3,6.81,120,MENSUALITE_CONSTANTE,0.083,0.0,0
65929.69,10805.69,5,8.17,48,MENSUALITE_CONSTANTE,0.083,0.0,1
145374.17,6425.1,2,6.2,120,AMORTISSEMENT_CONSTANT,0.0,0.0,0
33494.49,1782.61,0,3.0,60,IN_FINE,0.167,0.0,1
137156.56,7631.48,2,3.96,48,AMORTISSEMENT_CONSTANT,0.0,0.17,0
7158.75,2337.5,2,5.92,12,MENSUALITE_CONSTANTE,0.833,0.0,1
20033.81,6288.84,4,5.57,60,MENSUALITE_CONSTANTE,0.0,0.0,0
205938.6,10251.15,5,5.2,120,MENSUALITE_CONSTANTE,0.0,0.0,0
250998.83,8590.99,1,3.0,84,MENSUALITE_CONSTANTE,0.0,0.0,0
5074.84,10925.68,3,3.96,12,AMORTISSEMENT_CONSTANT,0.0,0.0,0
75096.5,8654.6,2,4.46,36,MENSUALITE_CONSTANTE,0.083,0.0,0
17807.22,6515.88,4,6.34,12,IN_FINE,0.167,0.0,1
149214.37,12184.03,3,3.57,84,MENSUALITE_CONSTANTE,0.0,0.0,0
120728.98,5896.74,5,7.22,84,IN_FINE,0.083,0.17,1
256854.77,13583.38,1,3.0,60,MENSUALITE_CONSTANTE,0.083,0.0,1
269336.1,9153.05,4,5.56,120,MENSUALITE_CONSTANTE,0.0,0.08,0
55789.96,12777.53,6,6.72,24,IN_FINE,0.167,0.0,1
31866.62,14127.61,1,4.28,12,MENSUALITE_CONSTANTE,0.0,0.0,0
27060.05,1783.78,5,6.78,60,MENSUALITE_CONSTANTE,0.0,0.0,1
22274.58,7464.76,6,6.04,36,MENSUALITE_CONSTANTE,0.0,0.0,0
13759.25,8024.47,6,5.54,24,MENSUALITE_CONSTANTE,0.0,0.0,0
430755.82,13353.45,3,9.71,84,MENSUALITE_CONSTANTE,0.0,0.17,1
11467.34,5504.27,0,3.0,24,AMORTISSEMENT_CONSTANT,0.0,0.17,0
185608.26,14311.24,1,3.0,84,AMORTISSEMENT_CONSTANT,0.0,0.0,0
15803.59,7045.65,6,7.22,12,AMORTISSEMENT_CONSTANT,0.25,0.0,1
18613.47,4698.47,0,5.24,48,MENSUALITE_CONSTANTE,0.0,0.0,0
43639.07,2481.92,1,6.51,120,IN_FINE,0.25,0.0,1
45188.99,7030.58,6,5.81,84,MENSUALITE_CONSTANTE,0.0,0.0,0
212339.08,12740.26,2,5.32,48,MENSUALITE_CONSTANTE,0.0,0.0,0
132737.83,6936.98,6,7.8,48,MENSUALITE_CONSTANTE,0.083,0.0,1
124929.84,14315.19,4,8.74,24,MENSUALITE_CONSTANTE,0.083,0.0,0
76264.7,9516.04,6,12.14,120,MENSUALITE_CONSTANTE,0.167,0.0,0
69574.78,1840.19,1,3.0,120,AMORTISSEMENT_CONSTANT,0.167,0.0,1
122451.38,11422.84,4,7.18,60,AMORTISSEMENT_CONSTANT,0.0,0.0,0
177446.81,5807.11,0,3.37,84,MENSUALITE_CONSTANTE,0.0,0.0,0
84436.6,9246.98,0,3.0,36,MENSUALITE_CONSTANTE,0.0,0.08,0
36262.29,1804.62,3,5.95,84,MENSUALITE_CONSTANTE,0.25,0.0,1
26453.29,13826.06,0,3.0,24,AMORTISSEMENT_CONSTANT,0.0,0.0,0
196311.67,9437.89,1,4.64,84,MENSUALITE_CONSTANTE,0.0,0.0,0
156406.46,12460.19,6,9.14,48,MENSUALITE_CONSTANTE,0.5,0.0,1
40977.22,3576.08,3,9.31,60,MENSUALITE_CONSTANTE,0.0,0.17,0
47749.66,11222.13,6,7.45,12,IN_FINE,0.0,0.0,1
49622.46,8250.79,3,8.08,60,IN_FINE,0.083,0.0,1
329535.03,14683.57,6,9.01,60,MENSUALITE_CONSTANTE,0.25,0.0,1
110817.28,6813.0,0,6.06,60,IN_FINE,0.0,0.0,1
104795.83,7270.8,5,5.5,48,MENSUALITE_CONSTANTE,0.0,0.0,0
497488.59,13774.91,3,3.0,120,AMORTISSEMENT_CONSTANT,0.0,0.0,0
46815.8,4855.29,3,7.06,48,MENSUALITE_CONSTANTE,0.083,0.08,0
566076.51,13809.55,1,3.71,120,MENSUALITE_CONSTANTE,0.0,0.0,0
16832.85,5631.64,3,5.47,36,MENSUALITE_CONSTANTE,0.0,0.0,0
81257.41,14238.25,2,6.26,48,MENSUALITE_CONSTANTE,0.25,0.0,1
95142.81,10232.3,2,6.59,36,MENSUALITE_CONSTANTE,0.167,0.0,1
41174.67,4126.22,2,3.0,36,MENSUALITE_CONSTANTE,0.0,0.0,1
219061.03,12206.35,2,3.47,48,MENSUALITE_CONSTANTE,0.0,0.17,0
165885.29,5607.27,3,3.34,120,MENSUALITE_CONSTANTE,0.0,0.0,0
43239.14,4646.48,6,8.12,36,IN_FINE,0.833,0.0,1
40803.97,4490.48,1,3.0,84,IN_FINE,0.0,0.0,0
9482.71,3145.49,0,3.0,84,MENSUALITE_CONSTANTE,0.0,0.08,0
153954.26,7817.74,4,4.32,60,MENSUALITE_CONSTANTE,0.0,0.0,0
111158.46,10420.78,5,6.55,84,IN_FINE,0.0,0.0,1
6712.38,7962.52,1,5.89,12,MENSUALITE_CONSTANTE,0.0,0.08,0
79888.78,11393.6,0,5.52,24,AMORTISSEMENT_CONSTANT,0.0,0.0,0
54273.83,11544.39,0,4.57,48,MENSUALITE_CONSTANTE,0.0,0.0,0
12897.18,5205.84,0,7.32,60,AMORTISSEMENT_CONSTANT,0.0,0.08,0
8358.15,11937.98,5,6.4,36,IN_FINE,0.25,0.0,1
22776.15,5272.51,1,6.55,12,MENSUALITE_CONSTANTE,0.0,0.0,0
12988.19,5899.4,1,3.0,36,IN_FINE,0.0,0.0,0
210405.68,6404.18,4,7.23,84,MENSUALITE_CONSTANTE,0.167,0.08,1
18774.44,11070.14,1,6.32,12,MENSUALITE_CONSTANTE,0.167,0.0,1
65414.91,5904.81,1,7.92,36,MENSUALITE_CONSTANTE,0.0,0.0,0
18018.87,4365.86,3,4.82,12,MENSUALITE_CONSTANTE,0.083,0.17,1
265782.36,8300.06,1,3.82,84,AMORTISSEMENT_CONSTANT,0.0,0.0,1
166845.27,7537.21,3,9.0,84,MENSUALITE_CONSTANTE,0.0,0.0,0
204468.67,4476.87,0,3.0,120,AMORTISSEMENT_CONSTANT,0.167,0.0,0
44982.96,13014.51,2,7.59,12,AMORTISSEMENT_CONSTANT,0.0,0.0,0
241130.48,7955.15,2,3.43,120,MENSUALITE_CONSTANTE,0.0,0.0,1
429873.51,10903.58,2,8.78,120,AMORTISSEMENT_CONSTANT,0.167,0.0,1
90024.13,10798.94,4,6.92,84,AMORTISSEMENT_CONSTANT,0.0,0.0,0
261275.26,9417.91,6,7.7,84,IN_FINE,0.25,0.0,1
45032.52,13429.73,6,6.27,12,MENSUALITE_CONSTANTE,0.167,0.0,1
3845.68,2587.84,5,4.38,12,MENSUALITE_CONSTANTE,0.0,0.17,0
52571.15,14538.74,1,3.0,36,MENSUALITE_CONSTANTE,0.0,0.08,0
13157.71,5569.75,4,6.0,24,AMORTISSEMENT_CONSTANT,0.0,0.0,0
62017.91,5739.59,2,8.91,120,MENSUALITE_CONSTANTE,0.0,0.0,0
22965.57,4069.55,0,3.0,24,AMORTISSEMENT_CONSTANT,0.0,0.0,0
230435.37,12744.65,3,8.29,48,AMORTISSEMENT_CONSTANT,0.25,0.08,1
50602.97,2192.06,1,7.73,84,MENSUALITE_CONSTANTE,0.083,0.0,0
25144.72,11616.49,2,7.02,24,MENSUALITE_CONSTANTE,0.0,0.0,0
47453.18,11154.19,2,7.9,24,IN_FINE,0.167,0.0,1
39610.76,7530.81,1,6.42,60,MENSUALITE_CONSTANTE,0.0,0.0,0
79308.81,9603.39,3,3.0,24,AMORTISSEMENT_CONSTANT,0.167,0.0,1
63669.97,3908.62,1,3.0,48,MENSUALITE_CONSTANTE,0.0,0.0,0
7958.08,4294.41,4,8.75,36,MENSUALITE_CONSTANTE,0.0,0.08,0
84557.64,12151.81,0,4.31,120,AMORTISSEMENT_CONSTANT,0.0,0.08,0
63983.83,14036.06,4,7.8,36,AMORTISSEMENT_CONSTANT,0.0,0.0,0
48488.12,12592.16,0,3.84,12,MENSUALITE_CONSTANTE,0.0,0.0,0
125534.73,11109.0,0,3.0,48,AMORTISSEMENT_CONSTANT,0.0,0.0,0
17597.39,4859.06,1,3.0,24,MENSUALITE_CONSTANTE,0.083,0.0,0
186949.54,7389.32,5,5.8,84,MENSUALITE_CONSTANTE,0.0,0.08,0
151867.11,5386.38,1,3.68,84,MENSUALITE_CONSTANTE,0.083,0.0,1
14940.38,9917.51,5,6.54,36,MENSUALITE_CONSTANTE,0.0,0.0,0
17622.23,7293.52,3,6.94,12,MENSUALITE_CONSTANTE,0.0,0.17,0
101193.89,12191.13,0,6.95,48,MENSUALITE_CONSTANTE,0.0,0.17,0
18068.1,2857.6,4,5.23,24,MENSUALITE_CONSTANTE,0.0,0.0,0
53963.19,13444.91,4,7.41,24,AMORTISSEMENT_CONSTANT,0.0,0.0,1
33581.81,10749.86,5,5.01,36,AMORTISSEMENT_CONSTANT,0.0,0.0,0
21402.92,3820.82,4,4.46,24,MENSUALITE_CONSTANTE,0.083,0.0,0
52736.82,2844.33,2,7.74,48,MENSUALITE_CONSTANTE,0.0,0.0,0
239434.79,9271.48,6,9.92,84,IN_FINE,0.167,0.08,1
34091.48,3272.39,1,4.88,120,AMORTISSEMENT_CONSTANT,0.0,0.0,0
53096.41,11712.09,0,3.11,48,MENSUALITE_CONSTANTE,0.0,0.0,0
676185.04,14792.84,4,6.8,120,MENSUALITE_CONSTANTE,0.083,0.0,1
55572.64,5574.43,0,7.41,48,MENSUALITE_CONSTANTE,0.0,0.0,0
20389.83,4023.57,6,11.87,24,IN_FINE,0.0,0.0,0
19217.7,14966.49,2,4.27,12,IN_FINE,0.0,0.0,0
28816.15,13900.04,3,7.8,12,IN_FINE,0.167,0.08,1
118236.26,8824.74,0,3.4,120,AMORTISSEMENT_CONSTANT,0.0,0.0,0
99166.74,13978.18,3,8.42,60,MENSUALITE_CONSTANTE,0.0,0.17,0
10381.19,9292.42,5,9.71,120,IN_FINE,0.0,0.0,0
190511.78,4961.58,0,7.32,120,MENSUALITE_CONSTANTE,0.0,0.0,0
30487.32,7802.85,1,5.24,12,IN_FINE,0.083,0.0,1
90808.51,10911.74,5,5.97,24,IN_FINE,0.167,0.0,1
81038.47,4253.93,6,4.28,84,IN_FINE,0.083,0.08,1
25560.38,4101.13,5,6.19,48,MENSUALITE_CONSTANTE,0.0,0.0,1
673018.27,14188.98,4,3.34,120,MENSUALITE_CONSTANTE,0.333,0.0,1
37009.66,14780.11,2,3.06,60,AMORTISSEMENT_CONSTANT,0.0,0.0,0
189483.33,11955.56,0,3.0,84,MENSUALITE_CONSTANTE,0.0,0.08,0
173103.17,11785.51,0,3.0,84,MENSUALITE_CONSTANTE,0.0,0.08,0
107595.59,6033.52,4,7.02,48,IN_FINE,0.083,0.0,1
48644.21,3427.99,1,4.15,120,IN_FINE,0.333,0.0,1
7198.12,2614.72,2,3.0,12,MENSUALITE_CONSTANTE,0.0,0.0,0
165694.22,14548.54,6,8.69,84,MENSUALITE_CONSTANTE,0.0,0.08,0
25323.72,2732.9,6,7.36,24,IN_FINE,0.0,0.0,1
33596.25,11397.67,6,10.98,24,AMORTISSEMENT_CONSTANT,0.083,0.0,1
151989.44,13019.78,3,6.99,48,IN_FINE,0.167,0.0,1
253721.3,9753.11,0,4.21,84,IN_FINE,0.083,0.0,0
67983.7,8036.34,4,8.15,36,AMORTISSEMENT_CONSTANT,0.0,0.0,0
33171.72,5021.46,2,7.43,84,MENSUALITE_CONSTANTE,0.0,0.0,0
116408.41,13279.02,1,4.93,48,AMORTISSEMENT_CONSTANT,0.0,0.0,0
41700.1,9346.41,0,6.21,84,MENSUALITE_CONSTANTE,0.0,0.0,0
20592.42,5860.36,3,4.41,48,AMORTISSEMENT_CONSTANT,0.0,0.0,0
45931.91,12593.66,0,4.17,12,MENSUALITE_CONSTANTE,0.083,0.0,1
4094.31,12115.48,6,6.29,84,AMORTISSEMENT_CONSTANT,0.0,0.0,0
198680.91,14817.58,2,6.92,84,MENSUALITE_CONSTANTE,0.0,0.0,0
13355.52,10641.46,2,3.0,36,IN_FINE,0.0,0.08,0
285757.83,11157.42,3,3.22,84,MENSUALITE_CONSTANTE,0.083,0.08,0
92298.74,7499.34,4,5.05,84,MENSUALITE_CONSTANTE,0.0,0.0,0
5799.38,10200.55,3,3.0,12,MENSUALITE_CONSTANTE,0.0,0.08,0
108410.56,12456.96,2,6.86,48,MENSUALITE_CONSTANTE,0.25,0.0,1
20342.62,9730.71,1,8.13,12,AMORTISSEMENT_CONSTANT,0.0,0.0,0
69330.35,11249.92,4,4.69,24,MENSUALITE_CONSTANTE,0.0,0.0,0
3842.37,3953.81,3,9.38,12,MENSUALITE_CONSTANTE,0.0,0.0,0
58938.81,5605.67,5,7.01,84,MENSUALITE_CONSTANTE,0.0,0.0,0
321112.84,11824.48,0,5.43,84,MENSUALITE_CONSTANTE,0.0,0.08,0
24527.64,5503.26,6,7.38,24,MENSUALITE_CONSTANTE,0.083,0.0,0
108480.28,5106.44,4,6.76,120,AMORTISSEMENT_CONSTANT,0.0,0.0,0
38881.26,4468.14,6,6.39,24,AMORTISSEMENT_CONSTANT,0.25,0.17,1
37546.83,8344.49,2,4.55,12,MENSUALITE_CONSTANTE,0.0,0.0,0
46189.57,9639.05,2,3.0,12,AMORTISSEMENT_CONSTANT,0.0,0.0,0
105198.64,13370.88,6,8.67,36,AMORTISSEMENT_CONSTANT,0.25,0.0,1
33196.16,2809.75,5,7.04,48,MENSUALITE_CONSTANTE,0.083,0.08,1
163416.67,5214.8,3,7.78,84,IN_FINE,0.667,0.0,1
211232.08,12528.02,4,5.32,60,AMORTISSEMENT_CONSTANT,0.0,0.0,0
23677.0,1660.89,2,7.2,48,MENSUALITE_CONSTANTE,0.25,0.0,1
18934.31,3352.57,0,7.86,36,MENSUALITE_CONSTANTE,0.0,0.0,0
11866.98,1837.29,3,6.42,24,AMORTISSEMENT_CONSTANT,0.167,0.0,1
43608.27,11320.61,3,6.65,48,AMORTISSEMENT_CONSTANT,0.0,0.0,0
99901.92,2978.13,6,3.44,84,MENSUALITE_CONSTANTE,0.833,0.0,1
90428.04,7449.98,0,6.96,36,IN_FINE,0.333,0.0,1
40325.96,10867.15,1,3.11,12,MENSUALITE_CONSTANTE,0.0,0.0,0
252059.28,9630.46,1,4.91,84,MENSUALITE_CONSTANTE,0.083,0.0,0
4260.86,14329.14,3,4.55,12,MENSUALITE_CONSTANTE,0.167,0.0,0
13893.21,11956.72,5,5.82,48,AMORTISSEMENT_CONSTANT,0.167,0.17,1
7481.08,4309.43,2,5.34,12,MENSUALITE_CONSTANTE,0.0,0.08,0
35392.81,13807.04,4,5.68,36,MENSUALITE_CONSTANTE,0.0,0.08,0
43248.44,14288.55,1,4.99,12,MENSUALITE_CONSTANTE,0.0,0.0,0
27199.92,7832.31,2,7.72,84,MENSUALITE_CONSTANTE,0.0,0.0,0
15832.3,4161.97,4,8.69,48,AMORTISSEMENT_CONSTANT,0.0,0.0,0
12233.2,9987.91,6,8.95,60,AMORTISSEMENT_CONSTANT,0.0,0.08,0
59796.99,3708.82,3,4.37,84,IN_FINE,0.0,0.08,0
89164.34,4518.77,2,3.78,60,MENSUALITE_CONSTANTE,0.0,0.0,0
9592.44,2827.66,1,5.24,36,MENSUALITE_CONSTANTE,0.0,0.0,0
96464.68,13814.81,4,7.75,24,MENSUALITE_CONSTANTE,0.0,0.0,0
41467.71,3472.3,3,3.36,120,AMORTISSEMENT_CONSTANT,0.0,0.0,0
217393.98,13779.12,6,8.7,48,MENSUALITE_CONSTANTE,0.5,0.0,1
29596.91,8288.82,3,5.49,60,IN_FINE,0.0,0.0,0
12826.96,6607.26,5,6.56,12,AMORTISSEMENT_CONSTANT,0.0,0.0,0
11252.83,12581.46,0,6.45,24,IN_FINE,0.0,0.08,0
193780.65,11065.88,2,3.77,120,MENSUALITE_CONSTANTE,0.0,0.0,0
67385.37,7906.2,5,9.26,60,IN_FINE,0.25,0.0,1
208524.44,13787.92,1,4.64,60,MENSUALITE_CONSTANTE,0.0,0.0,0
8491.13,3832.22,5,5.97,24,MENSUALITE_CONSTANTE,0.083,0.0,1
13238.52,1769.63,1,4.02,36,MENSUALITE_CONSTANTE,0.0,0.0,0
211099.38,11384.96,6,6.02,120,MENSUALITE_CONSTANTE,0.0,0.0,0
9610.86,9568.04,6,5.69,60,MENSUALITE_CONSTANTE,0.0,0.0,0
48205.54,10978.11,0,4.2,24,IN_FINE,0.083,0.17,0
37578.41,9520.84,0,3.0,48,MENSUALITE_CONSTANTE,0.167,0.0,0
160015.05,8696.25,2,5.37,84,IN_FINE,0.0,0.0,0
11987.52,12002.8,2,6.44,12,MENSUALITE_CONSTANTE,0.0,0.0,0
33709.14,2636.88,2,7.83,84,MENSUALITE_CONSTANTE,0.0,0.0,0
235566.3,14520.59,0,3.25,84,IN_FINE,0.0,0.0,0
85672.65,4479.44,5,7.39,48,MENSUALITE_CONSTANTE,0.167,0.0,1
64938.25,13988.37,1,3.0,12,MENSUALITE_CONSTANTE,0.0,0.0,0
27018.88,3479.21,2,4.03,24,AMORTISSEMENT_CONSTANT,0.0,0.0,0
24650.72,11891.37,0,3.75,12,MENSUALITE_CONSTANTE,0.083,0.0,0
59293.92,13754.78,1,4.4,48,IN_FINE,0.0,0.17,0
117343.41,14201.83,4,6.76,36,MENSUALITE_CONSTANTE,0.0,0.0,0
110398.98,8742.35,2,6.24,120,IN_FINE,0.0,0.17,0
250671.65,11135.03,4,7.68,84,IN_FINE,0.0,0.0,0
47063.01,8743.1,4,4.5,60,AMORTISSEMENT_CONSTANT,0.0,0.08,0
31849.06,5094.13,0,5.23,120,MENSUALITE_CONSTANTE,0.0,0.0,0
134064.78,8531.91,3,4.73,48,IN_FINE,0.0,0.17,0
31871.1,11821.67,6,6.93,48,IN_FINE,0.167,0.0,1
28622.39,4654.82,6,8.34,60,AMORTISSEMENT_CONSTANT,0.0,0.08,0
22521.16,3215.99,2,4.19,24,MENSUALITE_CONSTANTE,0.0,0.08,0
44757.98,8432.49,0,7.16,24,IN_FINE,0.0,0.0,0
74220.45,12931.6,6,7.26,24,MENSUALITE_CONSTANTE,0.333,0.17,1
162072.6,8624.79,0,3.32,48,AMORTISSEMENT_CONSTANT,0.083,0.0,0
35381.73,4341.21,6,3.0,36,MENSUALITE_CONSTANTE,0.0,0.17,1
78316.78,4986.06,0,3.0,84,MENSUALITE_CONSTANTE,0.0,0.0,0
325322.64,11974.18,0,5.32,120,MENSUALITE_CONSTANTE,0.0,0.08,0
462344.85,13304.37,5,7.76,120,MENSUALITE_CONSTANTE,0.0,0.0,0
122225.59,2606.17,4,7.36,120,MENSUALITE_CONSTANTE,0.167,0.0,1
235719.33,10395.17,3,6.68,84,AMORTISSEMENT_CONSTANT,0.0,0.0,0
97716.2,5343.11,4,4.39,60,MENSUALITE_CONSTANTE,0.0,0.0,0
163375.37,14098.1,6,3.0,36,MENSUALITE_CONSTANTE,0.0,0.08,0
63267.97,3769.59,1,5.56,84,AMORTISSEMENT_CONSTANT,0.0,0.0,0
4001.05,2349.25,3,7.24,36,MENSUALITE_CONSTANTE,0.0,0.08,0
101349.31,5565.87,1,4.35,120,MENSUALITE_CONSTANTE,0.0,0.17,0
15916.67,3419.45,0,3.0,36,MENSUALITE_CONSTANTE,0.083,0.0,0
64813.85,9217.66,1,4.57,24,IN_FINE,0.0,0.0,1
4944.76,1711.89,5,5.71,36,MENSUALITE_CONSTANTE,0.0,0.0,0
9834.89,1529.49,5,7.74,84,IN_FINE,0.0,0.08,0
112443.83,5046.04,3,3.0,60,MENSUALITE_CONSTANTE,0.083,0.0,1
145753.23,10848.94,3,5.9,36,IN_FINE,0.167,0.0,1
236613.9,12037.73,6,6.07,120,MENSUALITE_CONSTANTE,0.0,0.0,1
8069.53,2450.47,3,6.73,12,IN_FINE,0.0,0.0,1
59195.41,10196.88,2,3.0,36,AMORTISSEMENT_CONSTANT,0.0,0.0,0
136576.27,7104.6,0,3.1,60,MENSUALITE_CONSTANTE,0.0,0.0,0
19763.89,1744.09,6,10.07,48,MENSUALITE_CONSTANTE,0.25,0.0,1
304101.48,12995.75,2,5.01,60,MENSUALITE_CONSTANTE,0.25,0.0,1
90372.75,10116.03,5,6.67,24,MENSUALITE_CONSTANTE,0.167,0.0,1
44477.45,6421.65,6,7.48,84,MENSUALITE_CONSTANTE,0.083,0.0,1
20742.29,9178.97,4,5.9,12,MENSUALITE_CONSTANTE,0.0,0.0,0
49561.6,5816.23,3,5.19,24,IN_FINE,0.25,0.0,1
84409.85,7475.84,2,3.0,36,AMORTISSEMENT_CONSTANT,0.0,0.0,0
32678.17,12418.79,0,3.0,12,MENSUALITE_CONSTANTE,0.0,0.17,0
9446.13,9292.02,4,6.39,60,AMORTISSEMENT_CONSTANT,0.0,0.0,1
9836.88,4110.08,0,3.0,12,MENSUALITE_CONSTANTE,0.0,0.0,0
210151.7,8367.53,1,3.65,84,MENSUALITE_CONSTANTE,0.0,0.0,0
283401.6,10210.71,6,5.53,84,MENSUALITE_CONSTANTE,0.0,0.17,1
277084.0,11081.45,2,5.15,120,MENSUALITE_CONSTANTE,0.167,0.17,0
125232.13,7685.76,4,5.88,60,MENSUALITE_CONSTANTE,0.0,0.0,0
76302.38,9358.95,2,7.58,120,MENSUALITE_CONSTANTE,0.0,0.0,0
5495.57,13814.8,2,7.46,12,IN_FINE,0.167,0.08,1
33003.83,8655.71,0,8.37,36,AMORTISSEMENT_CONSTANT,0.0,0.0,0
32679.05,9126.86,5,4.57,12,MENSUALITE_CONSTANTE,0.083,0.0,1
33340.24,7489.22,3,8.32,24,AMORTISSEMENT_CONSTANT,0.0,0.17,0
148689.72,8556.58,5,8.38,84,AMORTISSEMENT_CONSTANT,0.083,0.0,0
245933.65,6704.96,0,4.61,120,MENSUALITE_CONSTANTE,0.0,0.0,0
168148.13,7386.95,5,4.96,60,MENSUALITE_CONSTANTE,0.167,0.0,1
249842.94,13402.08,3,9.98,60,IN_FINE,0.0,0.0,1
6102.11,5129.63,2,6.91,48,MENSUALITE_CONSTANTE,0.167,0.0,1
85637.57,8947.79,1,3.0,24,MENSUALITE_CONSTANTE,0.167,0.0,1
48481.31,6977.14,5,8.28,48,AMORTISSEMENT_CONSTANT,0.167,0.0,0
5071.49,2247.36,3,7.56,36,AMORTISSEMENT_CONSTANT,0.0,0.17,0
10505.92,13982.89,4,3.85,12,AMORTISSEMENT_CONSTANT,0.0,0.0,0
9254.53,1635.63,5,5.87,24,AMORTISSEMENT_CONSTANT,0.0,0.0,0
41843.35,4715.83,0,3.59,48,AMORTISSEMENT_CONSTANT,0.0,0.0,0
78830.92,9703.76,6,8.18,24,IN_FINE,0.0,0.0,1
63973.8,6209.75,4,8.7,120,MENSUALITE_CONSTANTE,0.0,0.0,0
91971.87,9968.74,4,7.26,24,AMORTISSEMENT_CONSTANT,0.25,0.0,1
16487.91,6352.77,4,5.32,24,MENSUALITE_CONSTANTE,0.0,0.17,0
283676.33,8245.72,2,6.64,120,IN_FINE,0.167,0.0,1
475777.29,14720.05,0,5.6,120,MENSUALITE_CONSTANTE,0.083,0.0,0
4283.94,5477.14,2,5.88,24,MENSUALITE_CONSTANTE,0.0,0.0,0
20210.92,9514.26,4,4.98,12,IN_FINE,0.25,0.0,1
162467.32,6105.52,1,3.0,120,AMORTISSEMENT_CONSTANT,0.0,0.17,0
41276.67,2310.11,4,10.24,48,AMORTISSEMENT_CONSTANT,0.333,0.08,1
77546.82,7408.23,0,3.0,36,MENSUALITE_CONSTANTE,0.0,0.0,0
130607.94,9819.25,0,4.61,84,AMORTISSEMENT_CONSTANT,0.0,0.0,0
11523.89,4365.75,0,6.51,12,IN_FINE,0.083,0.08,0
6488.86,2671.11,0,4.71,60,MENSUALITE_CONSTANTE,0.0,0.0,0
66937.96,4211.84,5,7.9,60,MENSUALITE_CONSTANTE,0.667,0.0,1
18323.72,2459.99,3,8.09,24,MENSUALITE_CONSTANTE,0.167,0.17,1
69906.9,2435.61,0,4.8,120,IN_FINE,0.25,0.08,1
82056.23,13579.09,6,8.64,36,MENSUALITE_CONSTANTE,0.0,0.08,0
20986.62,3907.48,3,6.37,24,MENSUALITE_CONSTANTE,0.0,0.08,1
80062.06,12245.53,4,4.68,48,MENSUALITE_CONSTANTE,0.0,0.0,0
133625.96,4825.7,3,6.54,120,AMORTISSEMENT_CONSTANT,0.083,0.0,1
6332.26,13322.79,2,10.68,36,MENSUALITE_CONSTANTE,0.0,0.0,0
50374.75,4305.17,1,3.0,36,AMORTISSEMENT_CONSTANT,0.0,0.0,0
25149.44,6344.73,4,8.18,24,AMORTISSEMENT_CONSTANT,0.083,0.0,0
45208.33,4568.85,4,3.1,48,MENSUALITE_CONSTANTE,0.0,0.0,0
249517.79,11022.31,6,8.86,120,MENSUALITE_CONSTANTE,0.333,0.0,1
8329.07,9263.45,5,8.76,84,MENSUALITE_CONSTANTE,0.0,0.0,0
97606.03,7124.59,3,7.67,60,MENSUALITE_CONSTANTE,0.0,0.17,0
16460.58,2500.01,6,7.95,36,AMORTISSEMENT_CONSTANT,0.083,0.0,0
146840.55,7569.38,0,3.0,84,MENSUALITE_CONSTANTE,0.0,0.0,0
63528.22,13727.72,5,5.81,48,AMORTISSEMENT_CONSTANT,0.0,0.08,0
92978.78,3723.87,2,5.52,84,AMORTISSEMENT_CONSTANT,0.0,0.0,0
116916.24,8292.3,3,6.32,48,MENSUALITE_CONSTANTE,0.0,0.08,0
78766.81,6879.46,0,3.0,60,MENSUALITE_CONSTANTE,0.0,0.0,0
48093.69,4461.76,2,6.29,60,MENSUALITE_CONSTANTE,0.0,0.0,0
10315.38,11948.93,5,6.28,120,MENSUALITE_CONSTANTE,0.0,0.0,0
213862.89,13103.29,0,5.89,84,IN_FINE,0.167,0.0,1
77017.21,4162.78,1,6.02,48,AMORTISSEMENT_CONSTANT,0.0,0.0,0
35297.84,6404.85,2,3.57,120,IN_FINE,0.0,0.0,0
20374.31,11560.76,5,5.51,12,AMORTISSEMENT_CONSTANT,0.0,0.0,0
25204.27,7330.9,6,6.23,12,IN_FINE,0.167,0.0,1
24017.95,9993.48,6,8.41,24,IN_FINE,0.0,0.0,1
26574.81,5751.85,1,3.0,12,AMORTISSEMENT_CONSTANT,0.0,0.0,0
49738.7,7368.16,1,3.97,84,IN_FINE,0.083,0.0,0
348332.8,7784.07,1,3.36,120,MENSUALITE_CONSTANTE,0.0,0.0,0
102450.22,13660.26,1,6.43,48,MENSUALITE_CONSTANTE,0.083,0.0,0
36858.29,7193.95,6,7.21,60,MENSUALITE_CONSTANTE,0.0,0.0,0
30130.94,12325.84,2,5.68,12,MENSUALITE_CONSTANTE,0.0,0.0,0
30720.21,3832.22,3,5.15,36,MENSUALITE_CONSTANTE,0.083,0.08,0
58197.8,10358.42,3,6.88,48,MENSUALITE_CONSTANTE,0.0,0.0,0
5483.3,2221.69,0,3.0,60,MENSUALITE_CONSTANTE,0.083,0.0,0
239393.89,8758.73,3,4.44,120,MENSUALITE_CONSTANTE,0.0,0.08,0
4567.67,11661.82,2,4.04,48,MENSUALITE_CONSTANTE,0.0,0.0,0
195278.12,14405.73,2,5.27,84,AMORTISSEMENT_CONSTANT,0.0,0.0,0
145983.97,6389.45,5,7.36,120,AMORTISSEMENT_CONSTANT,0.0,0.0,0
205999.67,7386.63,6,7.33,84,MENSUALITE_CONSTANTE,0.5,0.0,1
134402.97,12874.22,6,4.56,60,AMORTISSEMENT_CONSTANT,0.0,0.17,0
148070.82,4739.31,5,10.1,84,MENSUALITE_CONSTANTE,0.333,0.0,1
24730.94,2023.79,2,3.63,36,AMORTISSEMENT_CONSTANT,0.083,0.0,1
30844.48,4756.8,3,4.26,60,MENSUALITE_CONSTANTE,0.0,0.0,0
26351.06,4758.22,3,7.16,36,IN_FINE,0.25,0.17,1
21442.37,9651.34,4,5.94,120,AMORTISSEMENT_CONSTANT,0.0,0.0,0
102305.11,9408.01,0,3.0,60,MENSUALITE_CONSTANTE,0.0,0.0,0
113476.69,12083.62,0,6.9,36,AMORTISSEMENT_CONSTANT,0.0,0.0,0
59825.09,13356.41,4,3.0,12,MENSUALITE_CONSTANTE,0.0,0.08,0
61952.06,13644.77,1,8.54,12,MENSUALITE_CONSTANTE,0.083,0.0,1
5453.48,1963.02,1,3.54,24,AMORTISSEMENT_CONSTANT,0.0,0.0,0
92744.98,8299.84,0,5.68,48,MENSUALITE_CONSTANTE,0.0,0.0,0
46738.22,7342.36,3,3.0,24,AMORTISSEMENT_CONSTANT,0.0,0.0,0
186945.37,10805.27,0,7.32,120,IN_FINE,0.0,0.0,0
52444.88,1623.73,4,4.11,84,IN_FINE,0.083,0.0,1
186167.18,13400.06,6,6.66,48,MENSUALITE_CONSTANTE,0.0,0.0,1
411780.44,12359.05,0,6.71,120,IN_FINE,0.0,0.0,0
5168.04,7035.32,5,5.63,12,IN_FINE,0.5,0.0,1
44591.94,7721.73,5,9.93,84,MENSUALITE_CONSTANTE,0.083,0.0,0
8720.51,3204.83,2,3.52,36,AMORTISSEMENT_CONSTANT,0.167,0.0,1
67237.23,4457.3,4,5.32,60,AMORTISSEMENT_CONSTANT,0.167,0.08,1
197237.67,12607.26,2,6.52,84,MENSUALITE_CONSTANTE,0.0,0.0,0
99466.66,10940.72,0,4.75,36,AMORTISSEMENT_CONSTANT,0.0,0.17,0
33618.98,6174.59,4,4.82,36,AMORTISSEMENT_CONSTANT,0.0,0.0,1
40217.33,3319.09,2,3.0,60,IN_FINE,0.0,0.0,0
51067.18,13846.1,2,6.43,12,MENSUALITE_CONSTANTE,0.083,0.0,1
55671.71,7784.33,5,8.29,24,MENSUALITE_CONSTANTE,0.0,0.17,1
297217.75,8124.37,6,8.27,120,MENSUALITE_CONSTANTE,0.333,0.08,1
28590.85,13032.48,0,4.05,48,MENSUALITE_CONSTANTE,0.25,0.0,0
300861.12,14567.59,3,5.18,60,MENSUALITE_CONSTANTE,0.0,0.0,0
19027.23,6070.48,3,6.25,12,MENSUALITE_CONSTANTE,0.0,0.08,0
37571.3,3116.76,1,5.44,36,IN_FINE,0.167,0.0,1
66620.49,7442.99,2,3.0,24,MENSUALITE_CONSTANTE,0.0,0.17,1
67639.72,13987.19,0,4.29,36,IN_FINE,0.0,0.0,0
33939.83,2155.6,3,3.88,84,MENSUALITE_CONSTANTE,0.25,0.17,1
28028.06,2181.15,4,8.61,36,AMORTISSEMENT_CONSTANT,0.333,0.17,1
207649.79,8990.15,3,5.06,60,IN_FINE,0.167,0.0,1
239370.36,10318.03,2,7.03,60,IN_FINE,0.0,0.0,1
26268.22,2471.74,1,3.0,36,AMORTISSEMENT_CONSTANT,0.0,0.0,0
114744.76,5064.17,3,5.66,84,AMORTISSEMENT_CONSTANT,0.0,0.0,0
10759.64,4639.67,5,8.65,12,IN_FINE,0.25,0.0,1
4985.79,2821.07,6,9.58,12,MENSUALITE_CONSTANTE,0.083,0.0,1
72686.14,3159.45,5,7.1,84,MENSUALITE_CONSTANTE,0.167,0.0,1
193800.52,14796.35,0,5.11,48,MENSUALITE_CONSTANTE,0.0,0.0,0
50692.6,10339.4,2,3.58,60,MENSUALITE_CONSTANTE,0.083,0.0,0
64311.5,10869.98,1,3.0,48,MENSUALITE_CONSTANTE,0.0,0.0,0
16994.83,4888.33,6,10.06,12,MENSUALITE_CONSTANTE,0.25,0.0,1
24066.67,5318.96,5,10.22,36,AMORTISSEMENT_CONSTANT,0.0,0.08,0
12345.86,5255.93,2,6.86,36,MENSUALITE_CONSTANTE,0.0,0.0,0
90961.4,9398.55,2,3.93,48,MENSUALITE_CONSTANTE,0.0,0.0,0
140738.64,8467.82,2,4.17,60,MENSUALITE_CONSTANTE,0.0,0.0,0
48016.62,7492.06,3,5.86,24,AMORTISSEMENT_CONSTANT,0.0,0.0,0
30333.09,13486.28,6,6.44,24,MENSUALITE_CONSTANTE,0.083,0.08,0
5109.79,13120.95,0,4.21,12,MENSUALITE_CONSTANTE,0.0,0.08,0
218371.08,11923.21,6,8.7,60,IN_FINE,0.0,0.08,1
7517.96,10639.19,2,4.85,12,MENSUALITE_CONSTANTE,0.333,0.08,1
5608.06,2041.68,3,6.4,12,AMORTISSEMENT_CONSTANT,0.167,0.0,1
6895.04,2017.91,6,8.59,12,AMORTISSEMENT_CONSTANT,0.0,0.0,1
20211.34,2783.76,3,5.94,24,MENSUALITE_CONSTANTE,0.0,0.08,0
258797.21,14430.71,4,6.86,48,AMORTISSEMENT_CONSTANT,0.0,0.0,1
201181.36,9648.41,0,3.77,60,MENSUALITE_CONSTANTE,0.0,0.17,0
80750.4,12197.28,1,5.52,24,MENSUALITE_CONSTANTE,0.0,0.0,0
48955.61,8166.96,6,5.87,24,MENSUALITE_CONSTANTE,0.0,0.08,1
36212.98,6486.67,0,3.0,24,MENSUALITE_CONSTANTE,0.0,0.0,0
188946.55,10146.52,6,6.51,120,MENSUALITE_CONSTANTE,0.0,0.0,0
40959.48,4142.57,1,4.77,60,MENSUALITE_CONSTANTE,0.0,0.0,0
67248.51,4909.91,5,6.25,48,AMORTISSEMENT_CONSTANT,0.167,0.0,1
56838.16,7569.59,0,6.74,36,AMORTISSEMENT_CONSTANT,0.0,0.0,0
241259.36,11228.32,6,8.37,60,MENSUALITE_CONSTANTE,0.0,0.0,0
52650.56,3776.09,2,5.48,48,MENSUALITE_CONSTANTE,0.0,0.0,0
41445.46,3122.15,0,7.18,48,MENSUALITE_CONSTANTE,0.0,0.0,0
122973.04,12839.98,2,5.22,24,MENSUALITE_CONSTANTE,0.0,0.0,0
43012.91,5611.77,2,6.12,24,AMORTISSEMENT_CONSTANT,0.083,0.08,0
388493.5,13391.9,0,5.28,120,AMORTISSEMENT_CONSTANT,0.083,0.0,0
45217.65,10120.34,3,4.24,12,MENSUALITE_CONSTANTE,0.0,0.0,0
14518.25,6533.83,0,4.38,12,AMORTISSEMENT_CONSTANT,0.0,0.0,0
567240.28,12811.29,2,7.89,120,IN_FINE,0.667,0.0,1
115087.66,6302.95,4,4.28,60,MENSUALITE_CONSTANTE,0.0,0.0,0
35162.07,1770.71,2,6.02,84,AMORTISSEMENT_CONSTANT,0.0,0.0,0
126717.01,3611.76,5,5.52,120,AMORTISSEMENT_CONSTANT,0.083,0.0,1
94877.31,11307.71,1,5.18,60,MENSUALITE_CONSTANTE,0.083,0.0,0
43175.92,9301.34,6,7.1,12,MENSUALITE_CONSTANTE,0.167,0.0,1
55340.15,11869.21,2,6.73,36,MENSUALITE_CONSTANTE,0.0,0.08,0
31905.25,9505.29,6,10.41,12,MENSUALITE_CONSTANTE,0.083,0.0,1
200367.69,11635.67,2,9.1,120,IN_FINE,0.167,0.08,1
98608.51,6451.15,3,6.03,84,MENSUALITE_CONSTANTE,0.0,0.17,0
18141.76,11601.22,4,5.67,24,MENSUALITE_CONSTANTE,0.167,0.0,0
13141.18,3405.2,0,4.35,24,MENSUALITE_CONSTANTE,0.0,0.0,0
14432.29,3693.96,3,3.62,60,MENSUALITE_CONSTANTE,0.0,0.0,0
13220.34,3236.42,3,6.6,12,IN_FINE,0.167,0.0,1
5645.39,9636.04,1,5.79,48,IN_FINE,0.167,0.08,0
348435.17,8625.76,5,4.82,120,IN_FINE,0.083,0.08,1
503366.33,13970.53,2,7.68,120,MENSUALITE_CONSTANTE,0.0,0.17,0
31832.52,5391.99,3,3.96,48,AMORTISSEMENT_CONSTANT,0.083,0.0,0
124619.28,6791.56,4,7.31,48,AMORTISSEMENT_CONSTANT,0.0,0.0,1
98963.18,10692.38,6,7.57,84,IN_FINE,0.167,0.0,1
254601.05,14874.62,3,4.58,84,MENSUALITE_CONSTANTE,0.0,0.0,0
109698.49,7703.28,6,9.99,60,MENSUALITE_CONSTANTE,0.0,0.0,1
48380.26,8803.31,6,7.48,24,IN_FINE,0.083,0.0,1
222983.19,12483.81,5,4.28,84,MENSUALITE_CONSTANTE,0.167,0.08,1
50219.54,7050.51,2,5.78,24,MENSUALITE_CONSTANTE,0.083,0.0,0
7076.08,1949.86,4,4.44,48,IN_FINE,0.25,0.0,1
147196.46,9208.39,6,6.55,60,MENSUALITE_CONSTANTE,0.0,0.0,1
28196.7,6930.71,3,3.0,48,MENSUALITE_CONSTANTE,0.0,0.08,0
37875.14,14192.43,2,9.11,12,MENSUALITE_CONSTANTE,0.0,0.0,0
13115.56,2229.64,2,3.99,24,MENSUALITE_CONSTANTE,0.083,0.0,0
41363.67,3531.69,0,3.07,36,MENSUALITE_CONSTANTE,0.083,0.0,0
42639.01,4978.89,3,4.05,36,MENSUALITE_CONSTANTE,0.083,0.0,0
63585.33,3259.75,0,7.09,120,IN_FINE,0.0,0.0,0
18083.21,1531.69,0,8.36,60,MENSUALITE_CONSTANTE,0.0,0.0,0
11135.5,2006.96,6,6.38,36,IN_FINE,0.167,0.0,1
265859.73,11330.48,6,6.87,60,MENSUALITE_CONSTANTE,0.0,0.0,1
85010.41,13499.37,6,7.09,24,IN_FINE,0.333,0.17,1
102875.53,12161.78,2,8.02,60,IN_FINE,0.25,0.17,1
110600.78,14996.51,2,3.0,24,IN_FINE,0.667,0.0,1
54376.37,3234.96,6,9.29,60,IN_FINE,0.0,0.0,1
23382.6,1755.52,1,3.0,36,MENSUALITE_CONSTANTE,0.0,0.0,0
64827.94,9809.13,2,4.65,36,AMORTISSEMENT_CONSTANT,0.0,0.08,0
35250.23,10406.81,6,7.4,12,MENSUALITE_CONSTANTE,0.167,0.17,1
17824.75,5003.93,6,5.21,12,AMORTISSEMENT_CONSTANT,0.083,0.17,1
36633.55,6962.71,3,5.36,48,MENSUALITE_CONSTANTE,0.083,0.0,0
66812.43,4486.71,5,5.24,120,AMORTISSEMENT_CONSTANT,0.0,0.0,0
67534.07,6042.23,1,3.0,60,MENSUALITE_CONSTANTE,0.0,0.08,0
10227.01,2302.98,3,6.2,24,AMORTISSEMENT_CONSTANT,0.333,0.08,1
15463.32,12460.51,2,6.37,48,MENSUALITE_CONSTANTE,0.083,0.0,0
85647.58,12378.2,6,5.99,36,AMORTISSEMENT_CONSTANT,0.0,0.0,1
19657.05,10308.54,3,7.49,12,IN_FINE,0.083,0.08,0
99493.23,7351.76,6,8.35,36,MENSUALITE_CONSTANTE,0.0,0.0,1
90704.4,11158.39,1,5.38,60,MENSUALITE_CONSTANTE,0.0,0.0,0
54212.96,14344.48,2,6.99,12,IN_FINE,0.083,0.0,1
376651.33,12980.09,3,9.7,84,MENSUALITE_CONSTANTE,0.667,0.0,1
27594.05,13721.84,3,9.62,24,MENSUALITE_CONSTANTE,0.083,0.17,0
26020.94,2140.11,3,5.45,48,MENSUALITE_CONSTANTE,0.25,0.08,1
36802.17,5620.4,2,3.0,24,MENSUALITE_CONSTANTE,0.0,0.0,0
262317.94,8652.76,1,5.16,120,MENSUALITE_CONSTANTE,0.0,0.0,0
65558.89,14103.81,4,7.04,48,MENSUALITE_CONSTANTE,0.25,0.0,1
54646.72,2357.73,3,3.0,60,AMORTISSEMENT_CONSTANT,0.0,0.0,0
6422.7,6548.17,0,4.98,60,AMORTISSEMENT_CONSTANT,0.0,0.0,0
35397.95,12621.32,2,3.37,36,MENSUALITE_CONSTANTE,0.0,0.08,0
8967.19,3209.85,6,5.04,12,IN_FINE,0.0,0.0,0
64227.8,4129.72,3,3.0,48,MENSUALITE_CONSTANTE,0.0,0.0,0
47749.73,11361.95,4,4.66,12,MENSUALITE_CONSTANTE,0.833,0.0,1
15528.88,4263.64,4,4.59,24,MENSUALITE_CONSTANTE,0.0,0.0,0
3885.55,9362.41,2,7.82,84,AMORTISSEMENT_CONSTANT,0.0,0.17,0
486813.05,13311.68,3,5.58,120,MENSUALITE_CONSTANTE,0.0,0.0,0
101665.38,5730.46,3,5.01,60,MENSUALITE_CONSTANTE,0.0,0.08,0
18822.93,8942.78,1,5.91,36,MENSUALITE_CONSTANTE,0.0,0.0,0
160622.84,9470.75,5,7.58,60,AMORTISSEMENT_CONSTANT,0.0,0.0,1
22470.94,1829.76,4,3.79,84,AMORTISSEMENT_CONSTANT,0.167,0.17,1
7965.59,13939.68,3,3.0,84,AMORTISSEMENT_CONSTANT,0.083,0.0,0
62766.53,9785.06,4,4.55,84,IN_FINE,0.0,0.0,1
43035.77,2957.49,6,10.38,60,MENSUALITE_CONSTANTE,0.167,0.0,1
3148.67,1857.03,4,7.68,12,MENSUALITE_CONSTANTE,0.25,0.0,1
228653.59,10575.76,3,9.37,120,IN_FINE,0.0,0.0,0
15014.38,12707.6,4,6.97,84,AMORTISSEMENT_CONSTANT,0.0,0.0,0
14734.8,2044.46,3,3.69,84,MENSUALITE_CONSTANTE,0.0,0.0,0
12605.03,1893.8,1,5.98,36,MENSUALITE_CONSTANTE,0.0,0.08,0
8596.71,3267.57,5,6.28,12,MENSUALITE_CONSTANTE,0.0,0.0,1
82961.03,7329.37,1,4.46,60,AMORTISSEMENT_CONSTANT,0.0,0.08,0
8321.99,8985.6,2,6.24,120,AMORTISSEMENT_CONSTANT,0.0,0.0,0
14493.97,12760.87,1,3.2,12,IN_FINE,0.0,0.0,0
5446.22,12471.36,0,6.92,48,MENSUALITE_CONSTANTE,0.0,0.17,0
18845.28,7559.23,2,7.8,12,IN_FINE,0.167,0.0,1
108318.0,5244.18,2,3.0,120,MENSUALITE_CONSTANTE,0.0,0.08,0
54052.8,8135.44,3,3.88,48,MENSUALITE_CONSTANTE,0.0,0.0,0
94111.55,11161.45,0,3.0,36,IN_FINE,0.083,0.0,0
46319.36,12974.83,4,6.53,24,MENSUALITE_CONSTANTE,0.0,0.0,0
122982.94,8564.45,3,6.97,36,MENSUALITE_CONSTANTE,0.5,0.0,1
6719.38,5795.53,2,3.0,12,IN_FINE,0.0,0.0,0
80608.47,5675.12,2,3.48,36,MENSUALITE_CONSTANTE,0.0,0.0,0
87139.34,13142.86,3,7.95,84,MENSUALITE_CONSTANTE,0.0,0.0,0
4986.2,2216.12,3,3.0,12,AMORTISSEMENT_CONSTANT,0.667,0.0,1
205415.05,4766.47,1,7.22,120,MENSUALITE_CONSTANTE,0.167,0.17,1
96423.55,4170.63,0,3.45,60,AMORTISSEMENT_CONSTANT,0.083,0.17,0
106825.08,7396.49,2,4.11,120,MENSUALITE_CONSTANTE,0.0,0.08,0
17669.35,2650.21,0,4.29,24,AMORTISSEMENT_CONSTANT,0.167,0.0,0
5345.49,2735.02,4,6.95,12,AMORTISSEMENT_CONSTANT,0.0,0.0,0
38281.15,4008.73,3,4.0,24,IN_FINE,0.083,0.0,1
29792.27,5288.58,1,6.05,84,MENSUALITE_CONSTANTE,0.0,0.0,0
172482.45,11120.12,1,4.34,120,AMORTISSEMENT_CONSTANT,0.083,0.0,0
94673.87,3616.3,5,6.41,120,MENSUALITE_CONSTANTE,0.083,0.0,0
111856.89,13779.0,4,6.42,36,AMORTISSEMENT_CONSTANT,0.0,0.0,1
23332.23,7855.29,3,8.57,12,IN_FINE,0.167,0.0,1
231748.5,12341.11,5,7.01,120,MENSUALITE_CONSTANTE,0.0,0.0,0
36344.59,2405.77,6,6.24,48,AMORTISSEMENT_CONSTANT,0.333,0.0,1
177829.53,8051.29,6,7.76,60,IN_FINE,0.0,0.0,1
